Data,Horário,Equipe 1,Equipe 2,Placar,Categoria
,,,,,SUB 12 Masculino
,,,,,SUB 12 Masculino
,,,,,SUB 12 Masculino
,,,,,SUB 12 Masculino
,,,,,SUB 12 Masculino
,,,,,SUB 12 Masculino
,,,,,SUB 12 Masculino
,,,,,SUB 12 Masculino
,,,,,SUB 12 Masculino
,,,,,SUB 12 Masculino
,,,,,SUB 12 Masculino
,,,,,SUB 12 Masculino
,,,,,SUB 12 Masculino
,,,,,SUB 12 Masculino
,,,,,SUB 12 Masculino
,,,,,SUB 12 Masculino
,,,,,SUB 12 Masculino
,,,,,SUB 12 Masculino
,,,,,SUB 12 Masculino
,,,,,SUB 12 Masculino
,,,,,SUB 12 Masculino
,,,,,SUB 12 Masculino
,,,,,SUB 12 Masculino
,,,,,SUB 12 Masculino
,,,,,SUB 12 Masculino
,,,,,SUB 12 Masculino
,,,,,SUB 12 Masculino
,,,,,SUB 12 Masculino
,,,,,SUB 12 Masculino
,,,,,SUB 12 Masculino
,,,,,SUB 12 Masculino
,,,,,SUB 12 Masculino
,,,,,SUB 12 Masculino
,,,,,SUB 12 Masculino
,,,,,SUB 12 Masculino
,,,,,SUB 12 Masculino
,,,,,SUB 12 Masculino
,,,,,SUB 12 Masculino
,,,,,SUB 12 Masculino
,,,,,SUB 12 Masculino
,,,,,SUB 12 Masculino
,,,,,SUB 12 Masculino
,,,,,SUB 12 Masculino
,,,,,SUB 12 Masculino
,,,,,SUB 12 Masculino
,,,,,SUB 12 Masculino
,,,,,SUB 12 Masculino
,,,,,SUB 12 Masculino
,,,,,SUB 12 Masculino
,,,,,SUB 12 Masculino
,,,,,SUB 12 Masculino
,,,,,SUB 12 Masculino
,,,,,SUB 12 Masculino
,,,,,SUB 12 Masculino
,,,,,SUB 12 Masculino
,,,,,SUB 12 Masculino
,,,,,SUB 12 Masculino
,,,,,SUB 12 Masculino
,,,,,SUB 12 Masculino
,,,,,SUB 12 Masculino
,,,,,SUB 12 Masculino
,,,,,SUB 12 Masculino
,,,,,SUB 12 Masculino
,,,,,SUB 12 Masculino
,,,,,SUB 12 Masculino
,,,,,SUB 12 Masculino
,,,,,SUB 12 Masculino
,,,,,SUB 12 Masculino
,,,,,SUB 12 Masculino
,,,,,SUB 12 Masculino
,,,,,SUB 12 Masculino
,,,,,SUB 12 Masculino
,,,,,SUB 12 Masculino
,,,,,SUB 12 Masculino
,,,,,SUB 12 Masculino
,,,,,SUB 12 Masculino
,,,,,SUB 12 Masculino
,,,,,SUB 12 Masculino
,,,,,SUB 12 Masculino
,,,,,SUB 12 Masculino
,,,,,SUB 12 Masculino
,,,,,SUB 12 Masculino
,,,,,SUB 12 Masculino
11/05/2025,11:00,A.A. MOGI DAS CRUZES,S.C. CORINTHIANS PTA.,39 X 77,SUB 12 Masculino
11/05/2025,09:00,S.E. PALMEIRAS,CIRCULO MILITAR S.P.,58 X 45,SUB 12 Masculino
11/05/2025,09:00,CLUBE CAMPINEIRO DE REGATAS E NATAÇÃO,DOUBLE VOTORANTIM BASKET,82 X 29,SUB 12 Masculino
11/05/2025,09:00,INTERNACIONAL DE REGATAS,SÃO PAULO F.C.,44 X 64,SUB 12 Masculino
11/05/2025,09:00,RM STARS BASQUETEBOL,CLUBE ESPERIA,41 X 43,SUB 12 Masculino
10/05/2025,13:00,SÃO JOSÉ BASKETBALL / ATLETA CIDADÃO,AMAB / GIRAFINHAS / MAUA,64 X 49,SUB 12 Masculino
10/05/2025,12:00,C.A. PAULISTANO,T.C. PAULISTA,69 X 30,SUB 12 Masculino
10/05/2025,09:00,SANTO ANDRE / APABA,E.C. PINHEIROS,39 X 59,SUB 12 Masculino
10/05/2025,09:00,JACAREI BASKETBALL,SÃO BERNARDO BASQUETE,37 X 52,SUB 12 Masculino
09/05/2025,19:00,C.A. MONTE LIBANO,F.R. ALPHAVILLE,45 X 52,SUB 12 Masculino
08/05/2025,17:00,RM STARS BASQUETEBOL,A.A. MOGI DAS CRUZES,31 X 46,SUB 12 Masculino
04/05/2025,09:00,CIRCULO MILITAR S.P.,AMAB / GIRAFINHAS / MAUA,53 X 29,SUB 12 Masculino
04/05/2025,09:00,CLUBE CAMPINEIRO DE REGATAS E NATAÇÃO,SÃO PAULO F.C.,46 X 48,SUB 12 Masculino
04/05/2025,09:00,A.A. MOGI DAS CRUZES,S.E. PALMEIRAS,49 X 82,SUB 12 Masculino
04/05/2025,09:00,S.C. CORINTHIANS PTA.,C.A. PAULISTANO,50 X 46,SUB 12 Masculino
03/05/2025,13:00,JACAREI BASKETBALL,T.C. PAULISTA,60 X 13,SUB 12 Masculino
03/05/2025,09:00,DOUBLE VOTORANTIM BASKET,E.C. PINHEIROS,45 X 88,SUB 12 Masculino
03/05/2025,09:00,CLUBE ESPERIA,F.R. ALPHAVILLE,32 X 59,SUB 12 Masculino
03/05/2025,09:00,SANTO ANDRE / APABA,RM STARS BASQUETEBOL,51 X 43,SUB 12 Masculino
01/05/2025,09:00,RM STARS BASQUETEBOL,E.C. PINHEIROS,29 X 61,SUB 12 Masculino
30/04/2025,19:00,C.A. MONTE LIBANO,CIRCULO MILITAR S.P.,34 X 66,SUB 12 Masculino
27/04/2025,09:00,CLUBE CAMPINEIRO DE REGATAS E NATAÇÃO,CLUBE ESPERIA,62 X 26,SUB 12 Masculino
27/04/2025,09:00,C.A. PAULISTANO,E.C. PINHEIROS,56 X 41,SUB 12 Masculino
27/04/2025,09:00,INTERNACIONAL DE REGATAS,S.E. PALMEIRAS,36 X 66,SUB 12 Masculino
27/04/2025,09:00,DOUBLE VOTORANTIM BASKET,F.R. ALPHAVILLE,51 X 62,SUB 12 Masculino
26/04/2025,09:00,AMAB / GIRAFINHAS / MAUA,A.A. MOGI DAS CRUZES,51 X 67,SUB 12 Masculino
26/04/2025,09:00,SÃO JOSÉ BASKETBALL / ATLETA CIDADÃO,S.C. CORINTHIANS PTA.,51 X 53,SUB 12 Masculino
26/04/2025,09:00,JACAREI BASKETBALL,C.A. MONTE LIBANO,53 X 62,SUB 12 Masculino
24/04/2025,16:00,SÃO BERNARDO BASQUETE,RM STARS BASQUETEBOL,43 X 49,SUB 12 Masculino
20/04/2025,09:00,SÃO PAULO F.C.,CIRCULO MILITAR S.P.,59 X 36,SUB 12 Masculino
20/04/2025,09:00,S.C. CORINTHIANS PTA.,CLUBE CAMPINEIRO DE REGATAS E NATAÇÃO,60 X 54,SUB 12 Masculino
20/04/2025,09:00,SÃO BERNARDO BASQUETE,DOUBLE VOTORANTIM BASKET,66 X 28,SUB 12 Masculino
19/04/2025,13:00,CLUBE ESPERIA,A.A. MOGI DAS CRUZES,38 X 75,SUB 12 Masculino
16/04/2025,18:00,C.A. MONTE LIBANO,S.E. PALMEIRAS,64 X 90,SUB 12 Masculino
13/04/2025,09:00,C.A. PAULISTANO,AMAB / GIRAFINHAS / MAUA,61 X 30,SUB 12 Masculino
13/04/2025,09:00,CIRCULO MILITAR S.P.,T.C. PAULISTA,101 X 7,SUB 12 Masculino
13/04/2025,09:00,RM STARS BASQUETEBOL,C.A. MONTE LIBANO,54 X 39,SUB 12 Masculino
13/04/2025,09:00,S.E. PALMEIRAS,JACAREI BASKETBALL,79 X 37,SUB 12 Masculino
13/04/2025,09:00,S.C. CORINTHIANS PTA.,SANTO ANDRE / APABA,89 X 36,SUB 12 Masculino
13/04/2025,09:00,SÃO BERNARDO BASQUETE,CLUBE CAMPINEIRO DE REGATAS E NATAÇÃO,44 X 52,SUB 12 Masculino
12/04/2025,13:00,CLUBE ESPERIA,INTERNACIONAL DE REGATAS,29 X 75,SUB 12 Masculino
12/04/2025,13:00,E.C. PINHEIROS,F.R. ALPHAVILLE,61 X 48,SUB 12 Masculino
12/04/2025,09:00,SÃO JOSÉ BASKETBALL / ATLETA CIDADÃO,A.A. MOGI DAS CRUZES,69 X 55,SUB 12 Masculino
06/04/2025,09:00,S.C. CORINTHIANS PTA.,S.E. PALMEIRAS,48 X 40,SUB 12 Masculino
06/04/2025,09:00,A.A. MOGI DAS CRUZES,C.A. MONTE LIBANO,50 X 40,SUB 12 Masculino
06/04/2025,09:00,SÃO BERNARDO BASQUETE,T.C. PAULISTA,87 X 15,SUB 12 Masculino
05/04/2025,16:00,RM STARS BASQUETEBOL,CLUBE CAMPINEIRO DE REGATAS E NATAÇÃO,25 X 48,SUB 12 Masculino
05/04/2025,09:00,AMAB / GIRAFINHAS / MAUA,JACAREI BASKETBALL,47 X 53,SUB 12 Masculino
05/04/2025,09:00,SANTO ANDRE / APABA,C.A. PAULISTANO,46 X 31,SUB 12 Masculino
05/04/2025,09:00,SÃO JOSÉ BASKETBALL / ATLETA CIDADÃO,E.C. PINHEIROS,67 X 61,SUB 12 Masculino
30/03/2025,13:00,S.E. PALMEIRAS,SANTO ANDRE / APABA,70 X 51,SUB 12 Masculino
30/03/2025,10:00,CIRCULO MILITAR S.P.,RM STARS BASQUETEBOL,62 X 15,SUB 12 Masculino
30/03/2025,10:00,DOUBLE VOTORANTIM BASKET,A.A. MOGI DAS CRUZES,37 X 72,SUB 12 Masculino
30/03/2025,09:00,E.C. PINHEIROS,CLUBE CAMPINEIRO DE REGATAS E NATAÇÃO,59 X 45,SUB 12 Masculino
30/03/2025,09:00,C.A. PAULISTANO,SÃO JOSÉ BASKETBALL / ATLETA CIDADÃO,44 X 60,SUB 12 Masculino
30/03/2025,09:00,SÃO PAULO F.C.,JACAREI BASKETBALL,70 X 32,SUB 12 Masculino
30/03/2025,09:00,F.R. ALPHAVILLE,INTERNACIONAL DE REGATAS,0 X 20,SUB 12 Masculino
29/03/2025,15:00,T.C. PAULISTA,AMAB / GIRAFINHAS / MAUA,16 X 56,SUB 12 Masculino
29/03/2025,13:00,CLUBE ESPERIA,S.C. CORINTHIANS PTA.,31 X 77,SUB 12 Masculino
29/03/2025,11:00,CIRCULO MILITAR S.P.,INTERNACIONAL DE REGATAS,50 X 42,SUB 12 Masculino
28/03/2025,18:00,C.A. MONTE LIBANO,SÃO BERNARDO BASQUETE,43 X 66,SUB 12 Masculino
23/03/2025,09:00,CLUBE CAMPINEIRO DE REGATAS E NATAÇÃO,AMAB / GIRAFINHAS / MAUA,58 X 61,SUB 12 Masculino
23/03/2025,09:00,SÃO PAULO F.C.,S.E. PALMEIRAS,58 X 50,SUB 12 Masculino
23/03/2025,09:00,INTERNACIONAL DE REGATAS,S.C. CORINTHIANS PTA.,36 X 65,SUB 12 Masculino
23/03/2025,09:00,SÃO BERNARDO BASQUETE,E.C. PINHEIROS,42 X 49,SUB 12 Masculino
23/03/2025,09:00,A.A. MOGI DAS CRUZES,T.C. PAULISTA,113 X 11,SUB 12 Masculino
23/03/2025,09:00,RM STARS BASQUETEBOL,F.R. ALPHAVILLE,52 X 59,SUB 12 Masculino
22/03/2025,10:00,DOUBLE VOTORANTIM BASKET,JACAREI BASKETBALL,31 X 57,SUB 12 Masculino
22/03/2025,09:00,SANTO ANDRE / APABA,SÃO JOSÉ BASKETBALL / ATLETA CIDADÃO,48 X 65,SUB 12 Masculino
22/03/2025,09:00,C.A. PAULISTANO,INTERNACIONAL DE REGATAS,46 X 42,SUB 12 Masculino
21/03/2025,18:00,C.A. MONTE LIBANO,C.A. PAULISTANO,41 X 55,SUB 12 Masculino
19/03/2025,18:30,F.R. ALPHAVILLE,S.C. CORINTHIANS PTA.,39 X 53,SUB 12 Masculino
16/03/2025,09:00,S.E. PALMEIRAS,CLUBE CAMPINEIRO DE REGATAS E NATAÇÃO,79 X 49,SUB 12 Masculino
16/03/2025,09:00,SÃO PAULO F.C.,SÃO BERNARDO BASQUETE,53 X 40,SUB 12 Masculino
16/03/2025,09:00,F.R. ALPHAVILLE,CIRCULO MILITAR S.P.,55 X 39,SUB 12 Masculino
15/03/2025,13:00,E.C. PINHEIROS,JACAREI BASKETBALL,64 X 28,SUB 12 Masculino
15/03/2025,13:00,CLUBE ESPERIA,C.A. MONTE LIBANO,40 X 42,SUB 12 Masculino
15/03/2025,09:00,AMAB / GIRAFINHAS / MAUA,S.C. CORINTHIANS PTA.,29 X 53,SUB 12 Masculino
15/03/2025,09:00,SANTO ANDRE / APABA,A.A. MOGI DAS CRUZES,52 X 43,SUB 12 Masculino
15/03/2025,09:00,SÃO JOSÉ BASKETBALL / ATLETA CIDADÃO,DOUBLE VOTORANTIM BASKET,80 X 33,SUB 12 Masculino
09/03/2025,10:00,AMAB / GIRAFINHAS / MAUA,RM STARS BASQUETEBOL,43 X 51,SUB 12 Masculino
09/03/2025,09:00,SÃO BERNARDO BASQUETE,SÃO JOSÉ BASKETBALL / ATLETA CIDADÃO,42 X 61,SUB 12 Masculino
09/03/2025,09:00,CLUBE CAMPINEIRO DE REGATAS E NATAÇÃO,SANTO ANDRE / APABA,41 X 47,SUB 12 Masculino
,,,,,SUB 13 Masculino
,,,,,SUB 13 Masculino
,,,,,SUB 13 Masculino
,,,,,SUB 13 Masculino
,,,,,SUB 13 Masculino
,,,,,SUB 13 Masculino
,,,,,SUB 13 Masculino
,,,,,SUB 13 Masculino
,,,,,SUB 13 Masculino
,,,,,SUB 13 Masculino
,,,,,SUB 13 Masculino
,,,,,SUB 13 Masculino
,,,,,SUB 13 Masculino
,,,,,SUB 13 Masculino
,,,,,SUB 13 Masculino
,,,,,SUB 13 Masculino
,,,,,SUB 13 Masculino
,,,,,SUB 13 Masculino
,,,,,SUB 13 Masculino
,,,,,SUB 13 Masculino
,,,,,SUB 13 Masculino
,,,,,SUB 13 Masculino
,,,,,SUB 13 Masculino
,,,,,SUB 13 Masculino
,,,,,SUB 13 Masculino
,,,,,SUB 13 Masculino
,,,,,SUB 13 Masculino
,,,,,SUB 13 Masculino
,,,,,SUB 13 Masculino
,,,,,SUB 13 Masculino
,,,,,SUB 13 Masculino
,,,,,SUB 13 Masculino
,,,,,SUB 13 Masculino
,,,,,SUB 13 Masculino
,,,,,SUB 13 Masculino
,,,,,SUB 13 Masculino
,,,,,SUB 13 Masculino
,,,,,SUB 13 Masculino
,,,,,SUB 13 Masculino
,,,,,SUB 13 Masculino
,,,,,SUB 13 Masculino
,,,,,SUB 13 Masculino
,,,,,SUB 13 Masculino
,,,,,SUB 13 Masculino
,,,,,SUB 13 Masculino
,,,,,SUB 13 Masculino
,,,,,SUB 13 Masculino
,,,,,SUB 13 Masculino
,,,,,SUB 13 Masculino
,,,,,SUB 13 Masculino
,,,,,SUB 13 Masculino
,,,,,SUB 13 Masculino
,,,,,SUB 13 Masculino
,,,,,SUB 13 Masculino
,,,,,SUB 13 Masculino
,,,,,SUB 13 Masculino
,,,,,SUB 13 Masculino
,,,,,SUB 13 Masculino
,,,,,SUB 13 Masculino
,,,,,SUB 13 Masculino
,,,,,SUB 13 Masculino
,,,,,SUB 13 Masculino
,,,,,SUB 13 Masculino
,,,,,SUB 13 Masculino
,,,,,SUB 13 Masculino
,,,,,SUB 13 Masculino
,,,,,SUB 13 Masculino
,,,,,SUB 13 Masculino
,,,,,SUB 13 Masculino
,,,,,SUB 13 Masculino
,,,,,SUB 13 Masculino
,,,,,SUB 13 Masculino
,,,,,SUB 13 Masculino
,,,,,SUB 13 Masculino
,,,,,SUB 13 Masculino
,,,,,SUB 13 Masculino
,,,,,SUB 13 Masculino
,,,,,SUB 13 Masculino
11/05/2025,11:00,S.E. PALMEIRAS,CIRCULO MILITAR S.P.,48 X 59,SUB 13 Masculino
11/05/2025,11:00,INSTITUTO SUPERAÇÃO,BAURU BASKET,29 X 59,SUB 13 Masculino
11/05/2025,11:00,CLUBE CAMPINEIRO DE REGATAS E NATAÇÃO,DOUBLE VOTORANTIM BASKET,77 X 56,SUB 13 Masculino
11/05/2025,11:00,INTERNACIONAL DE REGATAS,SÃO PAULO F.C.,35 X 59,SUB 13 Masculino
11/05/2025,09:00,A.A. MOGI DAS CRUZES,S.C. CORINTHIANS PTA.,61 X 52,SUB 13 Masculino
10/05/2025,15:00,SÃO JOSÉ BASKETBALL / ATLETA CIDADÃO,AMAB / GIRAFINHAS / MAUA,71 X 29,SUB 13 Masculino
10/05/2025,11:00,SANTO ANDRE / APABA,E.C. PINHEIROS,51 X 64,SUB 13 Masculino
10/05/2025,11:00,JACAREI BASKETBALL,SÃO BERNARDO BASQUETE,41 X 77,SUB 13 Masculino
10/05/2025,11:00,AABB LIMEIRA,C.A. PAULISTANO,55 X 51,SUB 13 Masculino
04/05/2025,13:00,BAURU BASKET,DOUBLE VOTORANTIM BASKET,56 X 55,SUB 13 Masculino
04/05/2025,11:00,CIRCULO MILITAR S.P.,AMAB / GIRAFINHAS / MAUA,74 X 40,SUB 13 Masculino
04/05/2025,11:00,CLUBE CAMPINEIRO DE REGATAS E NATAÇÃO,SÃO PAULO F.C.,31 X 77,SUB 13 Masculino
04/05/2025,11:00,A.A. MOGI DAS CRUZES,S.E. PALMEIRAS,109 X 58,SUB 13 Masculino
04/05/2025,11:00,S.C. CORINTHIANS PTA.,C.A. PAULISTANO,82 X 46,SUB 13 Masculino
04/05/2025,09:00,SÃO BERNARDO BASQUETE,INSTITUTO SUPERAÇÃO,73 X 22,SUB 13 Masculino
03/05/2025,13:00,SANTO ANDRE / APABA,AABB LIMEIRA,56 X 68,SUB 13 Masculino
03/05/2025,12:00,CIRCULO MILITAR S.P.,BAURU BASKET,48 X 39,SUB 13 Masculino
03/05/2025,11:00,DOUBLE VOTORANTIM BASKET,E.C. PINHEIROS,60 X 57,SUB 13 Masculino
03/05/2025,11:00,CLUBE ESPERIA,F.R. ALPHAVILLE,45 X 49,SUB 13 Masculino
01/05/2025,13:00,BAURU BASKET,SÃO JOSÉ BASKETBALL / ATLETA CIDADÃO,38 X 84,SUB 13 Masculino
30/04/2025,18:00,AABB LIMEIRA,BAURU BASKET,54 X 42,SUB 13 Masculino
27/04/2025,11:00,CLUBE CAMPINEIRO DE REGATAS E NATAÇÃO,CLUBE ESPERIA,81 X 24,SUB 13 Masculino
27/04/2025,11:00,C.A. PAULISTANO,E.C. PINHEIROS,56 X 53,SUB 13 Masculino
27/04/2025,11:00,INTERNACIONAL DE REGATAS,S.E. PALMEIRAS,52 X 41,SUB 13 Masculino
27/04/2025,11:00,DOUBLE VOTORANTIM BASKET,F.R. ALPHAVILLE,65 X 62,SUB 13 Masculino
27/04/2025,11:00,AABB LIMEIRA,JACAREI BASKETBALL,66 X 35,SUB 13 Masculino
26/04/2025,11:00,AMAB / GIRAFINHAS / MAUA,A.A. MOGI DAS CRUZES,36 X 112,SUB 13 Masculino
26/04/2025,11:00,SÃO JOSÉ BASKETBALL / ATLETA CIDADÃO,S.C. CORINTHIANS PTA.,60 X 59,SUB 13 Masculino
25/04/2025,19:30,INSTITUTO SUPERAÇÃO,F.R. ALPHAVILLE,31 X 97,SUB 13 Masculino
20/04/2025,11:00,S.C. CORINTHIANS PTA.,CLUBE CAMPINEIRO DE REGATAS E NATAÇÃO,57 X 52,SUB 13 Masculino
20/04/2025,11:00,SÃO BERNARDO BASQUETE,DOUBLE VOTORANTIM BASKET,50 X 55,SUB 13 Masculino
19/04/2025,15:00,CLUBE ESPERIA,A.A. MOGI DAS CRUZES,13 X 118,SUB 13 Masculino
13/04/2025,11:00,C.A. PAULISTANO,AMAB / GIRAFINHAS / MAUA,88 X 29,SUB 13 Masculino
13/04/2025,11:00,CIRCULO MILITAR S.P.,INSTITUTO SUPERAÇÃO,83 X 31,SUB 13 Masculino
13/04/2025,11:00,S.E. PALMEIRAS,JACAREI BASKETBALL,55 X 24,SUB 13 Masculino
13/04/2025,11:00,S.C. CORINTHIANS PTA.,SANTO ANDRE / APABA,81 X 39,SUB 13 Masculino
13/04/2025,11:00,SÃO BERNARDO BASQUETE,CLUBE CAMPINEIRO DE REGATAS E NATAÇÃO,45 X 50,SUB 13 Masculino
12/04/2025,15:00,CLUBE ESPERIA,INTERNACIONAL DE REGATAS,50 X 61,SUB 13 Masculino
12/04/2025,15:00,E.C. PINHEIROS,F.R. ALPHAVILLE,78 X 49,SUB 13 Masculino
12/04/2025,14:00,INSTITUTO SUPERAÇÃO,SÃO PAULO F.C.,17 X 128,SUB 13 Masculino
12/04/2025,13:00,S.C. CORINTHIANS PTA.,AABB LIMEIRA,58 X 38,SUB 13 Masculino
12/04/2025,11:00,SÃO JOSÉ BASKETBALL / ATLETA CIDADÃO,A.A. MOGI DAS CRUZES,54 X 58,SUB 13 Masculino
06/04/2025,11:00,S.C. CORINTHIANS PTA.,S.E. PALMEIRAS,68 X 42,SUB 13 Masculino
06/04/2025,09:00,CLUBE CAMPINEIRO DE REGATAS E NATAÇÃO,AABB LIMEIRA,59 X 39,SUB 13 Masculino
05/04/2025,13:00,BAURU BASKET,SÃO BERNARDO BASQUETE,46 X 51,SUB 13 Masculino
05/04/2025,11:00,AMAB / GIRAFINHAS / MAUA,JACAREI BASKETBALL,50 X 46,SUB 13 Masculino
05/04/2025,11:00,SANTO ANDRE / APABA,C.A. PAULISTANO,27 X 46,SUB 13 Masculino
05/04/2025,11:00,SÃO JOSÉ BASKETBALL / ATLETA CIDADÃO,E.C. PINHEIROS,61 X 50,SUB 13 Masculino
05/04/2025,09:00,A.A. MOGI DAS CRUZES,INSTITUTO SUPERAÇÃO,121 X 19,SUB 13 Masculino
30/03/2025,12:00,DOUBLE VOTORANTIM BASKET,A.A. MOGI DAS CRUZES,55 X 90,SUB 13 Masculino
30/03/2025,11:00,E.C. PINHEIROS,CLUBE CAMPINEIRO DE REGATAS E NATAÇÃO,37 X 74,SUB 13 Masculino
30/03/2025,11:00,C.A. PAULISTANO,SÃO JOSÉ BASKETBALL / ATLETA CIDADÃO,44 X 71,SUB 13 Masculino
30/03/2025,11:00,SÃO PAULO F.C.,JACAREI BASKETBALL,89 X 18,SUB 13 Masculino
30/03/2025,11:00,S.E. PALMEIRAS,SANTO ANDRE / APABA,63 X 34,SUB 13 Masculino
30/03/2025,11:00,F.R. ALPHAVILLE,INTERNACIONAL DE REGATAS,71 X 53,SUB 13 Masculino
30/03/2025,11:00,AABB LIMEIRA,INSTITUTO SUPERAÇÃO,91 X 29,SUB 13 Masculino
29/03/2025,15:00,CLUBE ESPERIA,S.C. CORINTHIANS PTA.,19 X 70,SUB 13 Masculino
29/03/2025,13:00,CIRCULO MILITAR S.P.,INTERNACIONAL DE REGATAS,45 X 37,SUB 13 Masculino
23/03/2025,13:00,BAURU BASKET,CLUBE ESPERIA,66 X 34,SUB 13 Masculino
23/03/2025,11:00,CLUBE CAMPINEIRO DE REGATAS E NATAÇÃO,AMAB / GIRAFINHAS / MAUA,96 X 19,SUB 13 Masculino
23/03/2025,11:00,SÃO PAULO F.C.,S.E. PALMEIRAS,79 X 25,SUB 13 Masculino
23/03/2025,11:00,INTERNACIONAL DE REGATAS,S.C. CORINTHIANS PTA.,30 X 70,SUB 13 Masculino
23/03/2025,11:00,SÃO BERNARDO BASQUETE,E.C. PINHEIROS,48 X 56,SUB 13 Masculino
23/03/2025,09:00,INSTITUTO SUPERAÇÃO,C.A. PAULISTANO,44 X 57,SUB 13 Masculino
22/03/2025,12:00,DOUBLE VOTORANTIM BASKET,JACAREI BASKETBALL,86 X 44,SUB 13 Masculino
22/03/2025,11:00,SANTO ANDRE / APABA,SÃO JOSÉ BASKETBALL / ATLETA CIDADÃO,42 X 80,SUB 13 Masculino
22/03/2025,11:00,C.A. PAULISTANO,INTERNACIONAL DE REGATAS,42 X 49,SUB 13 Masculino
19/03/2025,20:30,F.R. ALPHAVILLE,S.C. CORINTHIANS PTA.,20 X 64,SUB 13 Masculino
16/03/2025,11:00,S.E. PALMEIRAS,CLUBE CAMPINEIRO DE REGATAS E NATAÇÃO,47 X 56,SUB 13 Masculino
16/03/2025,11:00,SÃO PAULO F.C.,SÃO BERNARDO BASQUETE,70 X 36,SUB 13 Masculino
16/03/2025,11:00,F.R. ALPHAVILLE,CIRCULO MILITAR S.P.,53 X 62,SUB 13 Masculino
15/03/2025,15:00,E.C. PINHEIROS,JACAREI BASKETBALL,94 X 33,SUB 13 Masculino
15/03/2025,11:00,AMAB / GIRAFINHAS / MAUA,S.C. CORINTHIANS PTA.,16 X 118,SUB 13 Masculino
15/03/2025,11:00,SANTO ANDRE / APABA,A.A. MOGI DAS CRUZES,31 X 123,SUB 13 Masculino
15/03/2025,11:00,SÃO JOSÉ BASKETBALL / ATLETA CIDADÃO,DOUBLE VOTORANTIM BASKET,69 X 59,SUB 13 Masculino
15/03/2025,11:00,INTERNACIONAL DE REGATAS,AABB LIMEIRA,55 X 59,SUB 13 Masculino
09/03/2025,11:00,SÃO BERNARDO BASQUETE,SÃO JOSÉ BASKETBALL / ATLETA CIDADÃO,50 X 54,SUB 13 Masculino
09/03/2025,11:00,CLUBE CAMPINEIRO DE REGATAS E NATAÇÃO,SANTO ANDRE / APABA,82 X 23,SUB 13 Masculino
,,,,,SUB 12 Masculino
,,,,,SUB 12 Masculino
,,,,,SUB 12 Masculino
,,,,,SUB 12 Masculino
,,,,,SUB 12 Masculino
,,,,,SUB 12 Masculino
,,,,,SUB 12 Masculino
,,,,,SUB 12 Masculino
,,,,,SUB 12 Masculino
,,,,,SUB 12 Masculino
,,,,,SUB 12 Masculino
,,,,,SUB 12 Masculino
,,,,,SUB 12 Masculino
,,,,,SUB 12 Masculino
,,,,,SUB 12 Masculino
,,,,,SUB 12 Masculino
,,,,,SUB 12 Masculino
,,,,,SUB 12 Masculino
,,,,,SUB 12 Masculino
,,,,,SUB 12 Masculino
,,,,,SUB 12 Masculino
,,,,,SUB 12 Masculino
,,,,,SUB 12 Masculino
,,,,,SUB 12 Masculino
,,,,,SUB 12 Masculino
,,,,,SUB 12 Masculino
,,,,,SUB 12 Masculino
,,,,,SUB 12 Masculino
,,,,,SUB 12 Masculino
,,,,,SUB 12 Masculino
,,,,,SUB 12 Masculino
,,,,,SUB 12 Masculino
,,,,,SUB 12 Masculino
,,,,,SUB 12 Masculino
,,,,,SUB 12 Masculino
,,,,,SUB 12 Masculino
,,,,,SUB 12 Masculino
,,,,,SUB 12 Masculino
,,,,,SUB 12 Masculino
,,,,,SUB 12 Masculino
,,,,,SUB 12 Masculino
,,,,,SUB 12 Masculino
,,,,,SUB 12 Masculino
,,,,,SUB 12 Masculino
,,,,,SUB 12 Masculino
,,,,,SUB 12 Masculino
,,,,,SUB 12 Masculino
,,,,,SUB 12 Masculino
,,,,,SUB 12 Masculino
,,,,,SUB 12 Masculino
,,,,,SUB 12 Masculino
,,,,,SUB 12 Masculino
,,,,,SUB 12 Masculino
,,,,,SUB 12 Masculino
,,,,,SUB 12 Masculino
,,,,,SUB 12 Masculino
,,,,,SUB 12 Masculino
,,,,,SUB 12 Masculino
,,,,,SUB 12 Masculino
,,,,,SUB 12 Masculino
,,,,,SUB 12 Masculino
,,,,,SUB 12 Masculino
,,,,,SUB 12 Masculino
,,,,,SUB 12 Masculino
,,,,,SUB 12 Masculino
,,,,,SUB 12 Masculino
,,,,,SUB 12 Masculino
,,,,,SUB 12 Masculino
,,,,,SUB 12 Masculino
,,,,,SUB 12 Masculino
,,,,,SUB 12 Masculino
,,,,,SUB 12 Masculino
,,,,,SUB 12 Masculino
,,,,,SUB 12 Masculino
,,,,,SUB 12 Masculino
,,,,,SUB 12 Masculino
,,,,,SUB 12 Masculino
,,,,,SUB 12 Masculino
,,,,,SUB 12 Masculino
,,,,,SUB 12 Masculino
,,,,,SUB 12 Masculino
,,,,,SUB 12 Masculino
,,,,,SUB 12 Masculino
11/05/2025,11:00,A.A. MOGI DAS CRUZES,S.C. CORINTHIANS PTA.,39 X 77,SUB 12 Masculino
11/05/2025,09:00,S.E. PALMEIRAS,CIRCULO MILITAR S.P.,58 X 45,SUB 12 Masculino
11/05/2025,09:00,CLUBE CAMPINEIRO DE REGATAS E NATAÇÃO,DOUBLE VOTORANTIM BASKET,82 X 29,SUB 12 Masculino
11/05/2025,09:00,INTERNACIONAL DE REGATAS,SÃO PAULO F.C.,44 X 64,SUB 12 Masculino
11/05/2025,09:00,RM STARS BASQUETEBOL,CLUBE ESPERIA,41 X 43,SUB 12 Masculino
10/05/2025,13:00,SÃO JOSÉ BASKETBALL / ATLETA CIDADÃO,AMAB / GIRAFINHAS / MAUA,64 X 49,SUB 12 Masculino
10/05/2025,12:00,C.A. PAULISTANO,T.C. PAULISTA,69 X 30,SUB 12 Masculino
10/05/2025,09:00,SANTO ANDRE / APABA,E.C. PINHEIROS,39 X 59,SUB 12 Masculino
10/05/2025,09:00,JACAREI BASKETBALL,SÃO BERNARDO BASQUETE,37 X 52,SUB 12 Masculino
09/05/2025,19:00,C.A. MONTE LIBANO,F.R. ALPHAVILLE,45 X 52,SUB 12 Masculino
08/05/2025,17:00,RM STARS BASQUETEBOL,A.A. MOGI DAS CRUZES,31 X 46,SUB 12 Masculino
04/05/2025,09:00,CIRCULO MILITAR S.P.,AMAB / GIRAFINHAS / MAUA,53 X 29,SUB 12 Masculino
04/05/2025,09:00,CLUBE CAMPINEIRO DE REGATAS E NATAÇÃO,SÃO PAULO F.C.,46 X 48,SUB 12 Masculino
04/05/2025,09:00,A.A. MOGI DAS CRUZES,S.E. PALMEIRAS,49 X 82,SUB 12 Masculino
04/05/2025,09:00,S.C. CORINTHIANS PTA.,C.A. PAULISTANO,50 X 46,SUB 12 Masculino
03/05/2025,13:00,JACAREI BASKETBALL,T.C. PAULISTA,60 X 13,SUB 12 Masculino
03/05/2025,09:00,DOUBLE VOTORANTIM BASKET,E.C. PINHEIROS,45 X 88,SUB 12 Masculino
03/05/2025,09:00,CLUBE ESPERIA,F.R. ALPHAVILLE,32 X 59,SUB 12 Masculino
03/05/2025,09:00,SANTO ANDRE / APABA,RM STARS BASQUETEBOL,51 X 43,SUB 12 Masculino
01/05/2025,09:00,RM STARS BASQUETEBOL,E.C. PINHEIROS,29 X 61,SUB 12 Masculino
30/04/2025,19:00,C.A. MONTE LIBANO,CIRCULO MILITAR S.P.,34 X 66,SUB 12 Masculino
27/04/2025,09:00,CLUBE CAMPINEIRO DE REGATAS E NATAÇÃO,CLUBE ESPERIA,62 X 26,SUB 12 Masculino
27/04/2025,09:00,C.A. PAULISTANO,E.C. PINHEIROS,56 X 41,SUB 12 Masculino
27/04/2025,09:00,INTERNACIONAL DE REGATAS,S.E. PALMEIRAS,36 X 66,SUB 12 Masculino
27/04/2025,09:00,DOUBLE VOTORANTIM BASKET,F.R. ALPHAVILLE,51 X 62,SUB 12 Masculino
26/04/2025,09:00,AMAB / GIRAFINHAS / MAUA,A.A. MOGI DAS CRUZES,51 X 67,SUB 12 Masculino
26/04/2025,09:00,SÃO JOSÉ BASKETBALL / ATLETA CIDADÃO,S.C. CORINTHIANS PTA.,51 X 53,SUB 12 Masculino
26/04/2025,09:00,JACAREI BASKETBALL,C.A. MONTE LIBANO,53 X 62,SUB 12 Masculino
24/04/2025,16:00,SÃO BERNARDO BASQUETE,RM STARS BASQUETEBOL,43 X 49,SUB 12 Masculino
20/04/2025,09:00,SÃO PAULO F.C.,CIRCULO MILITAR S.P.,59 X 36,SUB 12 Masculino
20/04/2025,09:00,S.C. CORINTHIANS PTA.,CLUBE CAMPINEIRO DE REGATAS E NATAÇÃO,60 X 54,SUB 12 Masculino
20/04/2025,09:00,SÃO BERNARDO BASQUETE,DOUBLE VOTORANTIM BASKET,66 X 28,SUB 12 Masculino
19/04/2025,13:00,CLUBE ESPERIA,A.A. MOGI DAS CRUZES,38 X 75,SUB 12 Masculino
16/04/2025,18:00,C.A. MONTE LIBANO,S.E. PALMEIRAS,64 X 90,SUB 12 Masculino
13/04/2025,09:00,C.A. PAULISTANO,AMAB / GIRAFINHAS / MAUA,61 X 30,SUB 12 Masculino
13/04/2025,09:00,CIRCULO MILITAR S.P.,T.C. PAULISTA,101 X 7,SUB 12 Masculino
13/04/2025,09:00,RM STARS BASQUETEBOL,C.A. MONTE LIBANO,54 X 39,SUB 12 Masculino
13/04/2025,09:00,S.E. PALMEIRAS,JACAREI BASKETBALL,79 X 37,SUB 12 Masculino
13/04/2025,09:00,S.C. CORINTHIANS PTA.,SANTO ANDRE / APABA,89 X 36,SUB 12 Masculino
13/04/2025,09:00,SÃO BERNARDO BASQUETE,CLUBE CAMPINEIRO DE REGATAS E NATAÇÃO,44 X 52,SUB 12 Masculino
12/04/2025,13:00,CLUBE ESPERIA,INTERNACIONAL DE REGATAS,29 X 75,SUB 12 Masculino
12/04/2025,13:00,E.C. PINHEIROS,F.R. ALPHAVILLE,61 X 48,SUB 12 Masculino
12/04/2025,09:00,SÃO JOSÉ BASKETBALL / ATLETA CIDADÃO,A.A. MOGI DAS CRUZES,69 X 55,SUB 12 Masculino
06/04/2025,09:00,S.C. CORINTHIANS PTA.,S.E. PALMEIRAS,48 X 40,SUB 12 Masculino
06/04/2025,09:00,A.A. MOGI DAS CRUZES,C.A. MONTE LIBANO,50 X 40,SUB 12 Masculino
06/04/2025,09:00,SÃO BERNARDO BASQUETE,T.C. PAULISTA,87 X 15,SUB 12 Masculino
05/04/2025,16:00,RM STARS BASQUETEBOL,CLUBE CAMPINEIRO DE REGATAS E NATAÇÃO,25 X 48,SUB 12 Masculino
05/04/2025,09:00,AMAB / GIRAFINHAS / MAUA,JACAREI BASKETBALL,47 X 53,SUB 12 Masculino
05/04/2025,09:00,SANTO ANDRE / APABA,C.A. PAULISTANO,46 X 31,SUB 12 Masculino
05/04/2025,09:00,SÃO JOSÉ BASKETBALL / ATLETA CIDADÃO,E.C. PINHEIROS,67 X 61,SUB 12 Masculino
30/03/2025,13:00,S.E. PALMEIRAS,SANTO ANDRE / APABA,70 X 51,SUB 12 Masculino
30/03/2025,10:00,CIRCULO MILITAR S.P.,RM STARS BASQUETEBOL,62 X 15,SUB 12 Masculino
30/03/2025,10:00,DOUBLE VOTORANTIM BASKET,A.A. MOGI DAS CRUZES,37 X 72,SUB 12 Masculino
30/03/2025,09:00,E.C. PINHEIROS,CLUBE CAMPINEIRO DE REGATAS E NATAÇÃO,59 X 45,SUB 12 Masculino
30/03/2025,09:00,C.A. PAULISTANO,SÃO JOSÉ BASKETBALL / ATLETA CIDADÃO,44 X 60,SUB 12 Masculino
30/03/2025,09:00,SÃO PAULO F.C.,JACAREI BASKETBALL,70 X 32,SUB 12 Masculino
30/03/2025,09:00,F.R. ALPHAVILLE,INTERNACIONAL DE REGATAS,0 X 20,SUB 12 Masculino
29/03/2025,15:00,T.C. PAULISTA,AMAB / GIRAFINHAS / MAUA,16 X 56,SUB 12 Masculino
29/03/2025,13:00,CLUBE ESPERIA,S.C. CORINTHIANS PTA.,31 X 77,SUB 12 Masculino
29/03/2025,11:00,CIRCULO MILITAR S.P.,INTERNACIONAL DE REGATAS,50 X 42,SUB 12 Masculino
28/03/2025,18:00,C.A. MONTE LIBANO,SÃO BERNARDO BASQUETE,43 X 66,SUB 12 Masculino
23/03/2025,09:00,CLUBE CAMPINEIRO DE REGATAS E NATAÇÃO,AMAB / GIRAFINHAS / MAUA,58 X 61,SUB 12 Masculino
23/03/2025,09:00,SÃO PAULO F.C.,S.E. PALMEIRAS,58 X 50,SUB 12 Masculino
23/03/2025,09:00,INTERNACIONAL DE REGATAS,S.C. CORINTHIANS PTA.,36 X 65,SUB 12 Masculino
23/03/2025,09:00,SÃO BERNARDO BASQUETE,E.C. PINHEIROS,42 X 49,SUB 12 Masculino
23/03/2025,09:00,A.A. MOGI DAS CRUZES,T.C. PAULISTA,113 X 11,SUB 12 Masculino
23/03/2025,09:00,RM STARS BASQUETEBOL,F.R. ALPHAVILLE,52 X 59,SUB 12 Masculino
22/03/2025,10:00,DOUBLE VOTORANTIM BASKET,JACAREI BASKETBALL,31 X 57,SUB 12 Masculino
22/03/2025,09:00,SANTO ANDRE / APABA,SÃO JOSÉ BASKETBALL / ATLETA CIDADÃO,48 X 65,SUB 12 Masculino
22/03/2025,09:00,C.A. PAULISTANO,INTERNACIONAL DE REGATAS,46 X 42,SUB 12 Masculino
21/03/2025,18:00,C.A. MONTE LIBANO,C.A. PAULISTANO,41 X 55,SUB 12 Masculino
19/03/2025,18:30,F.R. ALPHAVILLE,S.C. CORINTHIANS PTA.,39 X 53,SUB 12 Masculino
16/03/2025,09:00,S.E. PALMEIRAS,CLUBE CAMPINEIRO DE REGATAS E NATAÇÃO,79 X 49,SUB 12 Masculino
16/03/2025,09:00,SÃO PAULO F.C.,SÃO BERNARDO BASQUETE,53 X 40,SUB 12 Masculino
16/03/2025,09:00,F.R. ALPHAVILLE,CIRCULO MILITAR S.P.,55 X 39,SUB 12 Masculino
15/03/2025,13:00,E.C. PINHEIROS,JACAREI BASKETBALL,64 X 28,SUB 12 Masculino
15/03/2025,13:00,CLUBE ESPERIA,C.A. MONTE LIBANO,40 X 42,SUB 12 Masculino
15/03/2025,09:00,AMAB / GIRAFINHAS / MAUA,S.C. CORINTHIANS PTA.,29 X 53,SUB 12 Masculino
15/03/2025,09:00,SANTO ANDRE / APABA,A.A. MOGI DAS CRUZES,52 X 43,SUB 12 Masculino
15/03/2025,09:00,SÃO JOSÉ BASKETBALL / ATLETA CIDADÃO,DOUBLE VOTORANTIM BASKET,80 X 33,SUB 12 Masculino
09/03/2025,10:00,AMAB / GIRAFINHAS / MAUA,RM STARS BASQUETEBOL,43 X 51,SUB 12 Masculino
09/03/2025,09:00,SÃO BERNARDO BASQUETE,SÃO JOSÉ BASKETBALL / ATLETA CIDADÃO,42 X 61,SUB 12 Masculino
09/03/2025,09:00,CLUBE CAMPINEIRO DE REGATAS E NATAÇÃO,SANTO ANDRE / APABA,41 X 47,SUB 12 Masculino
,,,,,SUB 13 Masculino
,,,,,SUB 13 Masculino
,,,,,SUB 13 Masculino
,,,,,SUB 13 Masculino
,,,,,SUB 13 Masculino
,,,,,SUB 13 Masculino
,,,,,SUB 13 Masculino
,,,,,SUB 13 Masculino
,,,,,SUB 13 Masculino
,,,,,SUB 13 Masculino
,,,,,SUB 13 Masculino
,,,,,SUB 13 Masculino
,,,,,SUB 13 Masculino
,,,,,SUB 13 Masculino
,,,,,SUB 13 Masculino
,,,,,SUB 13 Masculino
,,,,,SUB 13 Masculino
,,,,,SUB 13 Masculino
,,,,,SUB 13 Masculino
,,,,,SUB 13 Masculino
,,,,,SUB 13 Masculino
,,,,,SUB 13 Masculino
,,,,,SUB 13 Masculino
,,,,,SUB 13 Masculino
,,,,,SUB 13 Masculino
,,,,,SUB 13 Masculino
,,,,,SUB 13 Masculino
,,,,,SUB 13 Masculino
,,,,,SUB 13 Masculino
,,,,,SUB 13 Masculino
,,,,,SUB 13 Masculino
,,,,,SUB 13 Masculino
,,,,,SUB 13 Masculino
,,,,,SUB 13 Masculino
,,,,,SUB 13 Masculino
,,,,,SUB 13 Masculino
,,,,,SUB 13 Masculino
,,,,,SUB 13 Masculino
,,,,,SUB 13 Masculino
,,,,,SUB 13 Masculino
,,,,,SUB 13 Masculino
,,,,,SUB 13 Masculino
,,,,,SUB 13 Masculino
,,,,,SUB 13 Masculino
,,,,,SUB 13 Masculino
,,,,,SUB 13 Masculino
,,,,,SUB 13 Masculino
,,,,,SUB 13 Masculino
,,,,,SUB 13 Masculino
,,,,,SUB 13 Masculino
,,,,,SUB 13 Masculino
,,,,,SUB 13 Masculino
,,,,,SUB 13 Masculino
,,,,,SUB 13 Masculino
,,,,,SUB 13 Masculino
,,,,,SUB 13 Masculino
,,,,,SUB 13 Masculino
,,,,,SUB 13 Masculino
,,,,,SUB 13 Masculino
,,,,,SUB 13 Masculino
,,,,,SUB 13 Masculino
,,,,,SUB 13 Masculino
,,,,,SUB 13 Masculino
,,,,,SUB 13 Masculino
,,,,,SUB 13 Masculino
,,,,,SUB 13 Masculino
,,,,,SUB 13 Masculino
,,,,,SUB 13 Masculino
,,,,,SUB 13 Masculino
,,,,,SUB 13 Masculino
,,,,,SUB 13 Masculino
,,,,,SUB 13 Masculino
,,,,,SUB 13 Masculino
,,,,,SUB 13 Masculino
,,,,,SUB 13 Masculino
,,,,,SUB 13 Masculino
,,,,,SUB 13 Masculino
,,,,,SUB 13 Masculino
11/05/2025,11:00,S.E. PALMEIRAS,CIRCULO MILITAR S.P.,48 X 59,SUB 13 Masculino
11/05/2025,11:00,INSTITUTO SUPERAÇÃO,BAURU BASKET,29 X 59,SUB 13 Masculino
11/05/2025,11:00,CLUBE CAMPINEIRO DE REGATAS E NATAÇÃO,DOUBLE VOTORANTIM BASKET,77 X 56,SUB 13 Masculino
11/05/2025,11:00,INTERNACIONAL DE REGATAS,SÃO PAULO F.C.,35 X 59,SUB 13 Masculino
11/05/2025,09:00,A.A. MOGI DAS CRUZES,S.C. CORINTHIANS PTA.,61 X 52,SUB 13 Masculino
10/05/2025,15:00,SÃO JOSÉ BASKETBALL / ATLETA CIDADÃO,AMAB / GIRAFINHAS / MAUA,71 X 29,SUB 13 Masculino
10/05/2025,11:00,SANTO ANDRE / APABA,E.C. PINHEIROS,51 X 64,SUB 13 Masculino
10/05/2025,11:00,JACAREI BASKETBALL,SÃO BERNARDO BASQUETE,41 X 77,SUB 13 Masculino
10/05/2025,11:00,AABB LIMEIRA,C.A. PAULISTANO,55 X 51,SUB 13 Masculino
04/05/2025,13:00,BAURU BASKET,DOUBLE VOTORANTIM BASKET,56 X 55,SUB 13 Masculino
04/05/2025,11:00,CIRCULO MILITAR S.P.,AMAB / GIRAFINHAS / MAUA,74 X 40,SUB 13 Masculino
04/05/2025,11:00,CLUBE CAMPINEIRO DE REGATAS E NATAÇÃO,SÃO PAULO F.C.,31 X 77,SUB 13 Masculino
04/05/2025,11:00,A.A. MOGI DAS CRUZES,S.E. PALMEIRAS,109 X 58,SUB 13 Masculino
04/05/2025,11:00,S.C. CORINTHIANS PTA.,C.A. PAULISTANO,82 X 46,SUB 13 Masculino
04/05/2025,09:00,SÃO BERNARDO BASQUETE,INSTITUTO SUPERAÇÃO,73 X 22,SUB 13 Masculino
03/05/2025,13:00,SANTO ANDRE / APABA,AABB LIMEIRA,56 X 68,SUB 13 Masculino
03/05/2025,12:00,CIRCULO MILITAR S.P.,BAURU BASKET,48 X 39,SUB 13 Masculino
03/05/2025,11:00,DOUBLE VOTORANTIM BASKET,E.C. PINHEIROS,60 X 57,SUB 13 Masculino
03/05/2025,11:00,CLUBE ESPERIA,F.R. ALPHAVILLE,45 X 49,SUB 13 Masculino
01/05/2025,13:00,BAURU BASKET,SÃO JOSÉ BASKETBALL / ATLETA CIDADÃO,38 X 84,SUB 13 Masculino
30/04/2025,18:00,AABB LIMEIRA,BAURU BASKET,54 X 42,SUB 13 Masculino
27/04/2025,11:00,CLUBE CAMPINEIRO DE REGATAS E NATAÇÃO,CLUBE ESPERIA,81 X 24,SUB 13 Masculino
27/04/2025,11:00,C.A. PAULISTANO,E.C. PINHEIROS,56 X 53,SUB 13 Masculino
27/04/2025,11:00,INTERNACIONAL DE REGATAS,S.E. PALMEIRAS,52 X 41,SUB 13 Masculino
27/04/2025,11:00,DOUBLE VOTORANTIM BASKET,F.R. ALPHAVILLE,65 X 62,SUB 13 Masculino
27/04/2025,11:00,AABB LIMEIRA,JACAREI BASKETBALL,66 X 35,SUB 13 Masculino
26/04/2025,11:00,AMAB / GIRAFINHAS / MAUA,A.A. MOGI DAS CRUZES,36 X 112,SUB 13 Masculino
26/04/2025,11:00,SÃO JOSÉ BASKETBALL / ATLETA CIDADÃO,S.C. CORINTHIANS PTA.,60 X 59,SUB 13 Masculino
25/04/2025,19:30,INSTITUTO SUPERAÇÃO,F.R. ALPHAVILLE,31 X 97,SUB 13 Masculino
20/04/2025,11:00,S.C. CORINTHIANS PTA.,CLUBE CAMPINEIRO DE REGATAS E NATAÇÃO,57 X 52,SUB 13 Masculino
20/04/2025,11:00,SÃO BERNARDO BASQUETE,DOUBLE VOTORANTIM BASKET,50 X 55,SUB 13 Masculino
19/04/2025,15:00,CLUBE ESPERIA,A.A. MOGI DAS CRUZES,13 X 118,SUB 13 Masculino
13/04/2025,11:00,C.A. PAULISTANO,AMAB / GIRAFINHAS / MAUA,88 X 29,SUB 13 Masculino
13/04/2025,11:00,CIRCULO MILITAR S.P.,INSTITUTO SUPERAÇÃO,83 X 31,SUB 13 Masculino
13/04/2025,11:00,S.E. PALMEIRAS,JACAREI BASKETBALL,55 X 24,SUB 13 Masculino
13/04/2025,11:00,S.C. CORINTHIANS PTA.,SANTO ANDRE / APABA,81 X 39,SUB 13 Masculino
13/04/2025,11:00,SÃO BERNARDO BASQUETE,CLUBE CAMPINEIRO DE REGATAS E NATAÇÃO,45 X 50,SUB 13 Masculino
12/04/2025,15:00,CLUBE ESPERIA,INTERNACIONAL DE REGATAS,50 X 61,SUB 13 Masculino
12/04/2025,15:00,E.C. PINHEIROS,F.R. ALPHAVILLE,78 X 49,SUB 13 Masculino
12/04/2025,14:00,INSTITUTO SUPERAÇÃO,SÃO PAULO F.C.,17 X 128,SUB 13 Masculino
12/04/2025,13:00,S.C. CORINTHIANS PTA.,AABB LIMEIRA,58 X 38,SUB 13 Masculino
12/04/2025,11:00,SÃO JOSÉ BASKETBALL / ATLETA CIDADÃO,A.A. MOGI DAS CRUZES,54 X 58,SUB 13 Masculino
06/04/2025,11:00,S.C. CORINTHIANS PTA.,S.E. PALMEIRAS,68 X 42,SUB 13 Masculino
06/04/2025,09:00,CLUBE CAMPINEIRO DE REGATAS E NATAÇÃO,AABB LIMEIRA,59 X 39,SUB 13 Masculino
05/04/2025,13:00,BAURU BASKET,SÃO BERNARDO BASQUETE,46 X 51,SUB 13 Masculino
05/04/2025,11:00,AMAB / GIRAFINHAS / MAUA,JACAREI BASKETBALL,50 X 46,SUB 13 Masculino
05/04/2025,11:00,SANTO ANDRE / APABA,C.A. PAULISTANO,27 X 46,SUB 13 Masculino
05/04/2025,11:00,SÃO JOSÉ BASKETBALL / ATLETA CIDADÃO,E.C. PINHEIROS,61 X 50,SUB 13 Masculino
05/04/2025,09:00,A.A. MOGI DAS CRUZES,INSTITUTO SUPERAÇÃO,121 X 19,SUB 13 Masculino
30/03/2025,12:00,DOUBLE VOTORANTIM BASKET,A.A. MOGI DAS CRUZES,55 X 90,SUB 13 Masculino
30/03/2025,11:00,E.C. PINHEIROS,CLUBE CAMPINEIRO DE REGATAS E NATAÇÃO,37 X 74,SUB 13 Masculino
30/03/2025,11:00,C.A. PAULISTANO,SÃO JOSÉ BASKETBALL / ATLETA CIDADÃO,44 X 71,SUB 13 Masculino
30/03/2025,11:00,SÃO PAULO F.C.,JACAREI BASKETBALL,89 X 18,SUB 13 Masculino
30/03/2025,11:00,S.E. PALMEIRAS,SANTO ANDRE / APABA,63 X 34,SUB 13 Masculino
30/03/2025,11:00,F.R. ALPHAVILLE,INTERNACIONAL DE REGATAS,71 X 53,SUB 13 Masculino
30/03/2025,11:00,AABB LIMEIRA,INSTITUTO SUPERAÇÃO,91 X 29,SUB 13 Masculino
29/03/2025,15:00,CLUBE ESPERIA,S.C. CORINTHIANS PTA.,19 X 70,SUB 13 Masculino
29/03/2025,13:00,CIRCULO MILITAR S.P.,INTERNACIONAL DE REGATAS,45 X 37,SUB 13 Masculino
23/03/2025,13:00,BAURU BASKET,CLUBE ESPERIA,66 X 34,SUB 13 Masculino
23/03/2025,11:00,CLUBE CAMPINEIRO DE REGATAS E NATAÇÃO,AMAB / GIRAFINHAS / MAUA,96 X 19,SUB 13 Masculino
23/03/2025,11:00,SÃO PAULO F.C.,S.E. PALMEIRAS,79 X 25,SUB 13 Masculino
23/03/2025,11:00,INTERNACIONAL DE REGATAS,S.C. CORINTHIANS PTA.,30 X 70,SUB 13 Masculino
23/03/2025,11:00,SÃO BERNARDO BASQUETE,E.C. PINHEIROS,48 X 56,SUB 13 Masculino
23/03/2025,09:00,INSTITUTO SUPERAÇÃO,C.A. PAULISTANO,44 X 57,SUB 13 Masculino
22/03/2025,12:00,DOUBLE VOTORANTIM BASKET,JACAREI BASKETBALL,86 X 44,SUB 13 Masculino
22/03/2025,11:00,SANTO ANDRE / APABA,SÃO JOSÉ BASKETBALL / ATLETA CIDADÃO,42 X 80,SUB 13 Masculino
22/03/2025,11:00,C.A. PAULISTANO,INTERNACIONAL DE REGATAS,42 X 49,SUB 13 Masculino
19/03/2025,20:30,F.R. ALPHAVILLE,S.C. CORINTHIANS PTA.,20 X 64,SUB 13 Masculino
16/03/2025,11:00,S.E. PALMEIRAS,CLUBE CAMPINEIRO DE REGATAS E NATAÇÃO,47 X 56,SUB 13 Masculino
16/03/2025,11:00,SÃO PAULO F.C.,SÃO BERNARDO BASQUETE,70 X 36,SUB 13 Masculino
16/03/2025,11:00,F.R. ALPHAVILLE,CIRCULO MILITAR S.P.,53 X 62,SUB 13 Masculino
15/03/2025,15:00,E.C. PINHEIROS,JACAREI BASKETBALL,94 X 33,SUB 13 Masculino
15/03/2025,11:00,AMAB / GIRAFINHAS / MAUA,S.C. CORINTHIANS PTA.,16 X 118,SUB 13 Masculino
15/03/2025,11:00,SANTO ANDRE / APABA,A.A. MOGI DAS CRUZES,31 X 123,SUB 13 Masculino
15/03/2025,11:00,SÃO JOSÉ BASKETBALL / ATLETA CIDADÃO,DOUBLE VOTORANTIM BASKET,69 X 59,SUB 13 Masculino
15/03/2025,11:00,INTERNACIONAL DE REGATAS,AABB LIMEIRA,55 X 59,SUB 13 Masculino
09/03/2025,11:00,SÃO BERNARDO BASQUETE,SÃO JOSÉ BASKETBALL / ATLETA CIDADÃO,50 X 54,SUB 13 Masculino
09/03/2025,11:00,CLUBE CAMPINEIRO DE REGATAS E NATAÇÃO,SANTO ANDRE / APABA,82 X 23,SUB 13 Masculino
,,,,,SUB 14 Masculino
,,,,,SUB 14 Masculino
,,,,,SUB 14 Masculino
,,,,,SUB 14 Masculino
,,,,,SUB 14 Masculino
,,,,,SUB 14 Masculino
,,,,,SUB 14 Masculino
,,,,,SUB 14 Masculino
,,,,,SUB 14 Masculino
,,,,,SUB 14 Masculino
,,,,,SUB 14 Masculino
,,,,,SUB 14 Masculino
,,,,,SUB 14 Masculino
,,,,,SUB 14 Masculino
,,,,,SUB 14 Masculino
,,,,,SUB 14 Masculino
,,,,,SUB 14 Masculino
,,,,,SUB 14 Masculino
,,,,,SUB 14 Masculino
,,,,,SUB 14 Masculino
,,,,,SUB 14 Masculino
,,,,,SUB 14 Masculino
,,,,,SUB 14 Masculino
,,,,,SUB 14 Masculino
,,,,,SUB 14 Masculino
,,,,,SUB 14 Masculino
,,,,,SUB 14 Masculino
,,,,,SUB 14 Masculino
,,,,,SUB 14 Masculino
,,,,,SUB 14 Masculino
,,,,,SUB 14 Masculino
,,,,,SUB 14 Masculino
,,,,,SUB 14 Masculino
,,,,,SUB 14 Masculino
,,,,,SUB 14 Masculino
,,,,,SUB 14 Masculino
,,,,,SUB 14 Masculino
,,,,,SUB 14 Masculino
,,,,,SUB 14 Masculino
,,,,,SUB 14 Masculino
,,,,,SUB 14 Masculino
,,,,,SUB 14 Masculino
,,,,,SUB 14 Masculino
,,,,,SUB 14 Masculino
,,,,,SUB 14 Masculino
,,,,,SUB 14 Masculino
,,,,,SUB 14 Masculino
,,,,,SUB 14 Masculino
,,,,,SUB 14 Masculino
,,,,,SUB 14 Masculino
,,,,,SUB 14 Masculino
,,,,,SUB 14 Masculino
,,,,,SUB 14 Masculino
,,,,,SUB 14 Masculino
,,,,,SUB 14 Masculino
,,,,,SUB 14 Masculino
,,,,,SUB 14 Masculino
,,,,,SUB 14 Masculino
,,,,,SUB 14 Masculino
,,,,,SUB 14 Masculino
,,,,,SUB 14 Masculino
,,,,,SUB 14 Masculino
,,,,,SUB 14 Masculino
,,,,,SUB 14 Masculino
,,,,,SUB 14 Masculino
,,,,,SUB 14 Masculino
,,,,,SUB 14 Masculino
,,,,,SUB 14 Masculino
,,,,,SUB 14 Masculino
,,,,,SUB 14 Masculino
,,,,,SUB 14 Masculino
,,,,,SUB 14 Masculino
,,,,,SUB 14 Masculino
,,,,,SUB 14 Masculino
,,,,,SUB 14 Masculino
,,,,,SUB 14 Masculino
,,,,,SUB 14 Masculino
,,,,,SUB 14 Masculino
,,,,,SUB 14 Masculino
,,,,,SUB 14 Masculino
,,,,,SUB 14 Masculino
,,,,,SUB 14 Masculino
,,,,,SUB 14 Masculino
,,,,,SUB 14 Masculino
,,,,,SUB 14 Masculino
,,,,,SUB 14 Masculino
,,,,,SUB 14 Masculino
,,,,,SUB 14 Masculino
,,,,,SUB 14 Masculino
,,,,,SUB 14 Masculino
,,,,,SUB 14 Masculino
,,,,,SUB 14 Masculino
,,,,,SUB 14 Masculino
,,,,,SUB 14 Masculino
,,,,,SUB 14 Masculino
,,,,,SUB 14 Masculino
,,,,,SUB 14 Masculino
11/05/2025,13:00,S.E. PALMEIRAS,CIRCULO MILITAR S.P.,45 X 37,SUB 14 Masculino
11/05/2025,13:00,INSTITUTO SUPERAÇÃO,BAURU BASKET,34 X 75,SUB 14 Masculino
11/05/2025,13:00,CLUBE CAMPINEIRO DE REGATAS E NATAÇÃO,DOUBLE VOTORANTIM BASKET,90 X 36,SUB 14 Masculino
10/05/2025,13:00,SANTO ANDRE / APABA,E.C. PINHEIROS,62 X 80,SUB 14 Masculino
10/05/2025,13:00,JACAREI BASKETBALL,SÃO BERNARDO BASQUETE,39 X 103,SUB 14 Masculino
10/05/2025,09:00,APAGEBASK / GUARULHOS,CLUBE ESPERIA,58 X 67,SUB 14 Masculino
10/05/2025,09:00,INTERNACIONAL DE REGATAS,SÃO PAULO F.C.,52 X 87,SUB 14 Masculino
10/05/2025,09:00,A.A. MOGI DAS CRUZES,S.C. CORINTHIANS PTA.,52 X 79,SUB 14 Masculino
10/05/2025,09:00,SÃO JOSÉ BASKETBALL / ATLETA CIDADÃO,AMAB / GIRAFINHAS / MAUA,49 X 27,SUB 14 Masculino
07/05/2025,17:00,AMAB / GIRAFINHAS / MAUA,A.D. CENTRO OLIMPICO,68 X 56,SUB 14 Masculino
04/05/2025,15:00,BAURU BASKET,DOUBLE VOTORANTIM BASKET,72 X 38,SUB 14 Masculino
04/05/2025,13:00,CIRCULO MILITAR S.P.,AMAB / GIRAFINHAS / MAUA,49 X 47,SUB 14 Masculino
04/05/2025,11:00,SÃO BERNARDO BASQUETE,INSTITUTO SUPERAÇÃO,111 X 46,SUB 14 Masculino
03/05/2025,14:00,CIRCULO MILITAR S.P.,BAURU BASKET,37 X 29,SUB 14 Masculino
03/05/2025,13:00,DOUBLE VOTORANTIM BASKET,E.C. PINHEIROS,53 X 84,SUB 14 Masculino
03/05/2025,09:00,JACAREI BASKETBALL,APAGEBASK / GUARULHOS,49 X 55,SUB 14 Masculino
03/05/2025,09:00,A.A. MOGI DAS CRUZES,S.E. PALMEIRAS,62 X 72,SUB 14 Masculino
03/05/2025,09:00,S.C. CORINTHIANS PTA.,C.A. PAULISTANO,75 X 67,SUB 14 Masculino
01/05/2025,15:00,BAURU BASKET,SÃO JOSÉ BASKETBALL / ATLETA CIDADÃO,51 X 55,SUB 14 Masculino
01/05/2025,10:00,CLUBE CAMPINEIRO DE REGATAS E NATAÇÃO,SÃO PAULO F.C.,55 X 69,SUB 14 Masculino
01/05/2025,10:00,CFE TAUBATE / IGC / LBCP,INTERNACIONAL DE REGATAS,44 X 46,SUB 14 Masculino
30/04/2025,18:00,A.D. CENTRO OLIMPICO,CLUBE PAINEIRAS DO MORUMBY,61 X 67,SUB 14 Masculino
27/04/2025,14:00,CLUBE PAINEIRAS DO MORUMBY,SÃO BERNARDO BASQUETE,44 X 75,SUB 14 Masculino
27/04/2025,13:00,CLUBE CAMPINEIRO DE REGATAS E NATAÇÃO,CLUBE ESPERIA,68 X 63,SUB 14 Masculino
27/04/2025,13:00,C.A. PAULISTANO,E.C. PINHEIROS,63 X 81,SUB 14 Masculino
26/04/2025,14:00,CLUBE PAINEIRAS DO MORUMBY,CIRCULO MILITAR S.P.,48 X 59,SUB 14 Masculino
26/04/2025,13:00,A.D. CENTRO OLIMPICO,BAURU BASKET,42 X 87,SUB 14 Masculino
26/04/2025,13:00,AMAB / GIRAFINHAS / MAUA,A.A. MOGI DAS CRUZES,66 X 48,SUB 14 Masculino
26/04/2025,13:00,SÃO JOSÉ BASKETBALL / ATLETA CIDADÃO,S.C. CORINTHIANS PTA.,70 X 53,SUB 14 Masculino
26/04/2025,11:00,JACAREI BASKETBALL,CFE TAUBATE / IGC / LBCP,42 X 38,SUB 14 Masculino
26/04/2025,09:00,SANTO ANDRE / APABA,APAGEBASK / GUARULHOS,88 X 36,SUB 14 Masculino
26/04/2025,09:00,INTERNACIONAL DE REGATAS,S.E. PALMEIRAS,40 X 56,SUB 14 Masculino
20/04/2025,13:00,SÃO BERNARDO BASQUETE,DOUBLE VOTORANTIM BASKET,80 X 29,SUB 14 Masculino
19/04/2025,10:00,CFE TAUBATE / IGC / LBCP,SANTO ANDRE / APABA,40 X 109,SUB 14 Masculino
19/04/2025,09:00,CLUBE ESPERIA,A.A. MOGI DAS CRUZES,63 X 44,SUB 14 Masculino
19/04/2025,09:00,SÃO PAULO F.C.,CIRCULO MILITAR S.P.,88 X 44,SUB 14 Masculino
19/04/2025,09:00,S.C. CORINTHIANS PTA.,CLUBE CAMPINEIRO DE REGATAS E NATAÇÃO,60 X 49,SUB 14 Masculino
17/04/2025,17:30,SÃO JOSÉ BASKETBALL / ATLETA CIDADÃO,E.C. PINHEIROS,58 X 70,SUB 14 Masculino
16/04/2025,17:00,APAGEBASK / GUARULHOS,AMAB / GIRAFINHAS / MAUA,38 X 45,SUB 14 Masculino
15/04/2025,17:00,S.E. PALMEIRAS,C.A. PAULISTANO,54 X 60,SUB 14 Masculino
13/04/2025,14:00,CLUBE PAINEIRAS DO MORUMBY,INTERNACIONAL DE REGATAS,44 X 36,SUB 14 Masculino
13/04/2025,13:00,SÃO BERNARDO BASQUETE,CLUBE CAMPINEIRO DE REGATAS E NATAÇÃO,46 X 50,SUB 14 Masculino
13/04/2025,13:00,C.A. PAULISTANO,AMAB / GIRAFINHAS / MAUA,92 X 45,SUB 14 Masculino
13/04/2025,13:00,CIRCULO MILITAR S.P.,INSTITUTO SUPERAÇÃO,56 X 44,SUB 14 Masculino
12/04/2025,13:00,SÃO JOSÉ BASKETBALL / ATLETA CIDADÃO,A.A. MOGI DAS CRUZES,68 X 51,SUB 14 Masculino
12/04/2025,10:00,CFE TAUBATE / IGC / LBCP,A.D. CENTRO OLIMPICO,45 X 55,SUB 14 Masculino
12/04/2025,09:00,S.E. PALMEIRAS,JACAREI BASKETBALL,86 X 22,SUB 14 Masculino
12/04/2025,09:00,SÃO PAULO F.C.,APAGEBASK / GUARULHOS,99 X 41,SUB 14 Masculino
12/04/2025,09:00,S.C. CORINTHIANS PTA.,SANTO ANDRE / APABA,56 X 59,SUB 14 Masculino
11/04/2025,19:30,INSTITUTO SUPERAÇÃO,SÃO PAULO F.C.,33 X 116,SUB 14 Masculino
06/04/2025,11:00,CLUBE CAMPINEIRO DE REGATAS E NATAÇÃO,CLUBE PAINEIRAS DO MORUMBY,104 X 39,SUB 14 Masculino
06/04/2025,09:00,DOUBLE VOTORANTIM BASKET,A.D. CENTRO OLIMPICO,65 X 46,SUB 14 Masculino
05/04/2025,15:00,BAURU BASKET,SÃO BERNARDO BASQUETE,34 X 53,SUB 14 Masculino
05/04/2025,13:00,AMAB / GIRAFINHAS / MAUA,JACAREI BASKETBALL,81 X 52,SUB 14 Masculino
05/04/2025,13:00,SANTO ANDRE / APABA,C.A. PAULISTANO,66 X 73,SUB 14 Masculino
05/04/2025,11:00,A.A. MOGI DAS CRUZES,INSTITUTO SUPERAÇÃO,47 X 50,SUB 14 Masculino
05/04/2025,10:00,APAGEBASK / GUARULHOS,INTERNACIONAL DE REGATAS,52 X 31,SUB 14 Masculino
05/04/2025,10:00,CFE TAUBATE / IGC / LBCP,CLUBE ESPERIA,30 X 90,SUB 14 Masculino
05/04/2025,09:00,S.C. CORINTHIANS PTA.,S.E. PALMEIRAS,45 X 43,SUB 14 Masculino
30/03/2025,14:00,CLUBE PAINEIRAS DO MORUMBY,AMAB / GIRAFINHAS / MAUA,31 X 42,SUB 14 Masculino
30/03/2025,14:00,DOUBLE VOTORANTIM BASKET,A.A. MOGI DAS CRUZES,55 X 63,SUB 14 Masculino
30/03/2025,13:00,C.A. PAULISTANO,SÃO JOSÉ BASKETBALL / ATLETA CIDADÃO,45 X 59,SUB 14 Masculino
29/03/2025,15:00,S.E. PALMEIRAS,SANTO ANDRE / APABA,58 X 69,SUB 14 Masculino
29/03/2025,14:00,INSTITUTO SUPERAÇÃO,CFE TAUBATE / IGC / LBCP,54 X 45,SUB 14 Masculino
29/03/2025,11:00,E.C. PINHEIROS,CLUBE CAMPINEIRO DE REGATAS E NATAÇÃO,92 X 79,SUB 14 Masculino
29/03/2025,09:00,SÃO PAULO F.C.,JACAREI BASKETBALL,100 X 31,SUB 14 Masculino
29/03/2025,09:00,CLUBE ESPERIA,S.C. CORINTHIANS PTA.,68 X 69,SUB 14 Masculino
29/03/2025,09:00,SÃO JOSÉ BASKETBALL / ATLETA CIDADÃO,APAGEBASK / GUARULHOS,85 X 41,SUB 14 Masculino
29/03/2025,09:00,A.D. CENTRO OLIMPICO,C.A. PAULISTANO,46 X 103,SUB 14 Masculino
23/03/2025,15:00,BAURU BASKET,CLUBE ESPERIA,56 X 50,SUB 14 Masculino
23/03/2025,14:00,CLUBE PAINEIRAS DO MORUMBY,A.A. MOGI DAS CRUZES,39 X 76,SUB 14 Masculino
23/03/2025,11:00,INSTITUTO SUPERAÇÃO,C.A. PAULISTANO,32 X 110,SUB 14 Masculino
23/03/2025,09:00,APAGEBASK / GUARULHOS,DOUBLE VOTORANTIM BASKET,92 X 50,SUB 14 Masculino
22/03/2025,17:00,SÃO BERNARDO BASQUETE,E.C. PINHEIROS,78 X 88,SUB 14 Masculino
22/03/2025,14:00,DOUBLE VOTORANTIM BASKET,JACAREI BASKETBALL,55 X 46,SUB 14 Masculino
22/03/2025,13:00,SANTO ANDRE / APABA,SÃO JOSÉ BASKETBALL / ATLETA CIDADÃO,81 X 58,SUB 14 Masculino
22/03/2025,11:00,CIRCULO MILITAR S.P.,A.D. CENTRO OLIMPICO,41 X 33,SUB 14 Masculino
22/03/2025,10:00,CFE TAUBATE / IGC / LBCP,CLUBE PAINEIRAS DO MORUMBY,61 X 57,SUB 14 Masculino
22/03/2025,09:00,CLUBE CAMPINEIRO DE REGATAS E NATAÇÃO,AMAB / GIRAFINHAS / MAUA,66 X 54,SUB 14 Masculino
22/03/2025,09:00,SÃO PAULO F.C.,S.E. PALMEIRAS,81 X 59,SUB 14 Masculino
22/03/2025,09:00,INTERNACIONAL DE REGATAS,S.C. CORINTHIANS PTA.,41 X 78,SUB 14 Masculino
16/03/2025,14:00,CLUBE PAINEIRAS DO MORUMBY,CLUBE ESPERIA,39 X 65,SUB 14 Masculino
16/03/2025,09:00,CIRCULO MILITAR S.P.,INTERNACIONAL DE REGATAS,37 X 46,SUB 14 Masculino
15/03/2025,15:00,S.E. PALMEIRAS,CLUBE CAMPINEIRO DE REGATAS E NATAÇÃO,65 X 40,SUB 14 Masculino
15/03/2025,13:00,AMAB / GIRAFINHAS / MAUA,S.C. CORINTHIANS PTA.,60 X 79,SUB 14 Masculino
15/03/2025,13:00,SANTO ANDRE / APABA,A.A. MOGI DAS CRUZES,86 X 60,SUB 14 Masculino
15/03/2025,13:00,SÃO JOSÉ BASKETBALL / ATLETA CIDADÃO,DOUBLE VOTORANTIM BASKET,69 X 29,SUB 14 Masculino
15/03/2025,12:30,APAGEBASK / GUARULHOS,BAURU BASKET,48 X 52,SUB 14 Masculino
15/03/2025,10:00,CFE TAUBATE / IGC / LBCP,C.A. PAULISTANO,55 X 90,SUB 14 Masculino
15/03/2025,09:00,CLUBE ESPERIA,A.D. CENTRO OLIMPICO,50 X 20,SUB 14 Masculino
15/03/2025,09:00,E.C. PINHEIROS,JACAREI BASKETBALL,142 X 45,SUB 14 Masculino
15/03/2025,09:00,SÃO PAULO F.C.,SÃO BERNARDO BASQUETE,72 X 59,SUB 14 Masculino
09/03/2025,13:00,SÃO BERNARDO BASQUETE,SÃO JOSÉ BASKETBALL / ATLETA CIDADÃO,49 X 52,SUB 14 Masculino
09/03/2025,13:00,CLUBE CAMPINEIRO DE REGATAS E NATAÇÃO,SANTO ANDRE / APABA,74 X 54,SUB 14 Masculino
08/03/2025,14:00,A.D. CENTRO OLIMPICO,S.C. CORINTHIANS PTA.,31 X 89,SUB 14 Masculino
08/03/2025,09:00,APAGEBASK / GUARULHOS,A.A. MOGI DAS CRUZES,50 X 74,SUB 14 Masculino
08/03/2025,09:00,E.C. PINHEIROS,CFE TAUBATE / IGC / LBCP,121 X 16,SUB 14 Masculino
,,,,,SUB 15 Masculino
,,,,,SUB 15 Masculino
,,,,,SUB 15 Masculino
,,,,,SUB 15 Masculino
,,,,,SUB 15 Masculino
,,,,,SUB 15 Masculino
,,,,,SUB 15 Masculino
,,,,,SUB 15 Masculino
,,,,,SUB 15 Masculino
,,,,,SUB 15 Masculino
,,,,,SUB 15 Masculino
,,,,,SUB 15 Masculino
,,,,,SUB 15 Masculino
,,,,,SUB 15 Masculino
,,,,,SUB 15 Masculino
,,,,,SUB 15 Masculino
,,,,,SUB 15 Masculino
,,,,,SUB 15 Masculino
,,,,,SUB 15 Masculino
,,,,,SUB 15 Masculino
,,,,,SUB 15 Masculino
,,,,,SUB 15 Masculino
,,,,,SUB 15 Masculino
,,,,,SUB 15 Masculino
,,,,,SUB 15 Masculino
,,,,,SUB 15 Masculino
,,,,,SUB 15 Masculino
,,,,,SUB 15 Masculino
,,,,,SUB 15 Masculino
,,,,,SUB 15 Masculino
,,,,,SUB 15 Masculino
,,,,,SUB 15 Masculino
,,,,,SUB 15 Masculino
,,,,,SUB 15 Masculino
,,,,,SUB 15 Masculino
,,,,,SUB 15 Masculino
,,,,,SUB 15 Masculino
,,,,,SUB 15 Masculino
,,,,,SUB 15 Masculino
,,,,,SUB 15 Masculino
,,,,,SUB 15 Masculino
,,,,,SUB 15 Masculino
,,,,,SUB 15 Masculino
,,,,,SUB 15 Masculino
,,,,,SUB 15 Masculino
,,,,,SUB 15 Masculino
,,,,,SUB 15 Masculino
,,,,,SUB 15 Masculino
,,,,,SUB 15 Masculino
,,,,,SUB 15 Masculino
,,,,,SUB 15 Masculino
,,,,,SUB 15 Masculino
,,,,,SUB 15 Masculino
,,,,,SUB 15 Masculino
,,,,,SUB 15 Masculino
,,,,,SUB 15 Masculino
,,,,,SUB 15 Masculino
,,,,,SUB 15 Masculino
,,,,,SUB 15 Masculino
,,,,,SUB 15 Masculino
,,,,,SUB 15 Masculino
,,,,,SUB 15 Masculino
,,,,,SUB 15 Masculino
,,,,,SUB 15 Masculino
,,,,,SUB 15 Masculino
,,,,,SUB 15 Masculino
,,,,,SUB 15 Masculino
,,,,,SUB 15 Masculino
,,,,,SUB 15 Masculino
,,,,,SUB 15 Masculino
,,,,,SUB 15 Masculino
,,,,,SUB 15 Masculino
,,,,,SUB 15 Masculino
,,,,,SUB 15 Masculino
,,,,,SUB 15 Masculino
,,,,,SUB 15 Masculino
,,,,,SUB 15 Masculino
,,,,,SUB 15 Masculino
,,,,,SUB 15 Masculino
,,,,,SUB 15 Masculino
,,,,,SUB 15 Masculino
,,,,,SUB 15 Masculino
,,,,,SUB 15 Masculino
,,,,,SUB 15 Masculino
,,,,,SUB 15 Masculino
,,,,,SUB 15 Masculino
,,,,,SUB 15 Masculino
,,,,,SUB 15 Masculino
,,,,,SUB 15 Masculino
,,,,,SUB 15 Masculino
,,,,,SUB 15 Masculino
,,,,,SUB 15 Masculino
,,,,,SUB 15 Masculino
,,,,,SUB 15 Masculino
,,,,,SUB 15 Masculino
,,,,,SUB 15 Masculino
,,,,,SUB 15 Masculino
,,,,,SUB 15 Masculino
,,,,,SUB 15 Masculino
,,,,,SUB 15 Masculino
,,,,,SUB 15 Masculino
,,,,,SUB 15 Masculino
,,,,,SUB 15 Masculino
,,,,,SUB 15 Masculino
,,,,,SUB 15 Masculino
,,,,,SUB 15 Masculino
,,,,,SUB 15 Masculino
,,,,,SUB 15 Masculino
,,,,,SUB 15 Masculino
,,,,,SUB 15 Masculino
,,,,,SUB 15 Masculino
,,,,,SUB 15 Masculino
,,,,,SUB 15 Masculino
11/05/2025,15:00,S.E. PALMEIRAS,CIRCULO MILITAR S.P.,80 X 42,SUB 15 Masculino
11/05/2025,15:00,INSTITUTO SUPERAÇÃO,BAURU BASKET,42 X 93,SUB 15 Masculino
11/05/2025,13:00,SESI-SP / FRANCA BASQUETE,C.A. PAULISTANO,61 X 67,SUB 15 Masculino
10/05/2025,15:00,SANTO ANDRE / APABA,E.C. PINHEIROS,58 X 72,SUB 15 Masculino
10/05/2025,15:00,JACAREI BASKETBALL,SÃO BERNARDO BASQUETE,45 X 59,SUB 15 Masculino
10/05/2025,15:00,CAC / CRAVINHOS BASKETBALL,CLUBE PAINEIRAS DO MORUMBY,68 X 54,SUB 15 Masculino
10/05/2025,11:00,APAGEBASK / GUARULHOS,CLUBE ESPERIA,49 X 67,SUB 15 Masculino
10/05/2025,11:00,INTERNACIONAL DE REGATAS,SÃO PAULO F.C.,72 X 76,SUB 15 Masculino
10/05/2025,11:00,A.A. MOGI DAS CRUZES,S.C. CORINTHIANS PTA.,62 X 64,SUB 15 Masculino
10/05/2025,11:00,SAO JOSE BASKETBALL / ATLETA CIDADAO,AMAB / GIRAFINHAS / MAUA,88 X 43,SUB 15 Masculino
10/05/2025,11:00,CLUBE DE CAMPO DE RIO CLARO - CCRC,CLUBE CAMPINEIRO DE REGATAS E NATAÇÃO,44 X 83,SUB 15 Masculino
07/05/2025,19:00,AMAB / GIRAFINHAS / MAUA,A.D. CENTRO OLIMPICO,66 X 50,SUB 15 Masculino
07/05/2025,18:00,F.R. JANDIRA,A.A. MOGI DAS CRUZES,47 X 51,SUB 15 Masculino
04/05/2025,15:00,CAC / CRAVINHOS BASKETBALL,E.C. PINHEIROS,81 X 92,SUB 15 Masculino
04/05/2025,15:00,CIRCULO MILITAR S.P.,AMAB / GIRAFINHAS / MAUA,49 X 34,SUB 15 Masculino
04/05/2025,13:00,SÃO BERNARDO BASQUETE,INSTITUTO SUPERAÇÃO,69 X 38,SUB 15 Masculino
03/05/2025,16:00,CIRCULO MILITAR S.P.,BAURU BASKET,34 X 63,SUB 15 Masculino
03/05/2025,13:00,CLUBE ESPERIA,CLUBE DE CAMPO DE RIO CLARO - CCRC,56 X 61,SUB 15 Masculino
03/05/2025,11:00,JACAREI BASKETBALL,APAGEBASK / GUARULHOS,57 X 48,SUB 15 Masculino
03/05/2025,11:00,A.A. MOGI DAS CRUZES,S.E. PALMEIRAS,39 X 81,SUB 15 Masculino
03/05/2025,11:00,S.C. CORINTHIANS PTA.,C.A. PAULISTANO,51 X 65,SUB 15 Masculino
02/05/2025,14:00,SESI-SP / FRANCA BASQUETE,CAC / CRAVINHOS BASKETBALL,90 X 47,SUB 15 Masculino
01/05/2025,17:00,BAURU BASKET,SAO JOSE BASKETBALL / ATLETA CIDADAO,62 X 66,SUB 15 Masculino
01/05/2025,12:00,CLUBE CAMPINEIRO DE REGATAS E NATAÇÃO,SÃO PAULO F.C.,87 X 83,SUB 15 Masculino
01/05/2025,11:00,CLUBE DE CAMPO DE RIO CLARO - CCRC,SESI-SP / FRANCA BASQUETE,75 X 78,SUB 15 Masculino
01/05/2025,11:00,F.R. JANDIRA,JACAREI BASKETBALL,37 X 74,SUB 15 Masculino
30/04/2025,20:00,A.D. CENTRO OLIMPICO,CLUBE PAINEIRAS DO MORUMBY,51 X 60,SUB 15 Masculino
30/04/2025,18:00,E.C. PINHEIROS,F.R. JANDIRA,85 X 53,SUB 15 Masculino
27/04/2025,16:00,CLUBE PAINEIRAS DO MORUMBY,SÃO BERNARDO BASQUETE,42 X 63,SUB 15 Masculino
27/04/2025,15:00,CLUBE CAMPINEIRO DE REGATAS E NATAÇÃO,CLUBE ESPERIA,89 X 48,SUB 15 Masculino
27/04/2025,15:00,C.A. PAULISTANO,E.C. PINHEIROS,65 X 82,SUB 15 Masculino
26/04/2025,16:00,CLUBE PAINEIRAS DO MORUMBY,CIRCULO MILITAR S.P.,38 X 41,SUB 15 Masculino
26/04/2025,15:00,A.D. CENTRO OLIMPICO,BAURU BASKET,30 X 92,SUB 15 Masculino
26/04/2025,15:00,AMAB / GIRAFINHAS / MAUA,A.A. MOGI DAS CRUZES,47 X 49,SUB 15 Masculino
26/04/2025,15:00,SAO JOSE BASKETBALL / ATLETA CIDADAO,S.C. CORINTHIANS PTA.,90 X 44,SUB 15 Masculino
26/04/2025,13:00,CLUBE CAMPINEIRO DE REGATAS E NATAÇÃO,CAC / CRAVINHOS BASKETBALL,80 X 55,SUB 15 Masculino
26/04/2025,13:00,SESI-SP / FRANCA BASQUETE,JACAREI BASKETBALL,79 X 51,SUB 15 Masculino
26/04/2025,11:00,SANTO ANDRE / APABA,APAGEBASK / GUARULHOS,70 X 55,SUB 15 Masculino
26/04/2025,11:00,INTERNACIONAL DE REGATAS,S.E. PALMEIRAS,61 X 86,SUB 15 Masculino
25/04/2025,16:30,SÃO PAULO F.C.,CLUBE DE CAMPO DE RIO CLARO - CCRC,93 X 60,SUB 15 Masculino
22/04/2025,15:00,S.E. PALMEIRAS,F.R. JANDIRA,107 X 25,SUB 15 Masculino
19/04/2025,15:00,CAC / CRAVINHOS BASKETBALL,BAURU BASKET,61 X 78,SUB 15 Masculino
19/04/2025,13:00,SESI-SP / FRANCA BASQUETE,A.D. CENTRO OLIMPICO,63 X 45,SUB 15 Masculino
19/04/2025,11:00,CLUBE DE CAMPO DE RIO CLARO - CCRC,SÃO BERNARDO BASQUETE,89 X 60,SUB 15 Masculino
19/04/2025,11:00,CLUBE ESPERIA,A.A. MOGI DAS CRUZES,69 X 39,SUB 15 Masculino
19/04/2025,11:00,SÃO PAULO F.C.,CIRCULO MILITAR S.P.,64 X 54,SUB 15 Masculino
19/04/2025,11:00,S.C. CORINTHIANS PTA.,CLUBE CAMPINEIRO DE REGATAS E NATAÇÃO,42 X 59,SUB 15 Masculino
18/04/2025,17:00,CAC / CRAVINHOS BASKETBALL,A.D. CENTRO OLIMPICO,58 X 57,SUB 15 Masculino
17/04/2025,19:30,SAO JOSE BASKETBALL / ATLETA CIDADAO,E.C. PINHEIROS,80 X 87,SUB 15 Masculino
16/04/2025,19:00,APAGEBASK / GUARULHOS,AMAB / GIRAFINHAS / MAUA,44 X 56,SUB 15 Masculino
16/04/2025,17:00,F.R. JANDIRA,SANTO ANDRE / APABA,68 X 80,SUB 15 Masculino
15/04/2025,15:00,S.E. PALMEIRAS,C.A. PAULISTANO,59 X 76,SUB 15 Masculino
13/04/2025,16:00,CLUBE PAINEIRAS DO MORUMBY,INTERNACIONAL DE REGATAS,40 X 58,SUB 15 Masculino
13/04/2025,15:00,SÃO BERNARDO BASQUETE,CLUBE CAMPINEIRO DE REGATAS E NATAÇÃO,52 X 68,SUB 15 Masculino
13/04/2025,15:00,C.A. PAULISTANO,AMAB / GIRAFINHAS / MAUA,75 X 40,SUB 15 Masculino
13/04/2025,15:00,CIRCULO MILITAR S.P.,INSTITUTO SUPERAÇÃO,66 X 36,SUB 15 Masculino
12/04/2025,15:00,SAO JOSE BASKETBALL / ATLETA CIDADAO,A.A. MOGI DAS CRUZES,85 X 63,SUB 15 Masculino
12/04/2025,13:00,BAURU BASKET,CLUBE DE CAMPO DE RIO CLARO - CCRC,96 X 62,SUB 15 Masculino
12/04/2025,11:00,S.E. PALMEIRAS,JACAREI BASKETBALL,91 X 46,SUB 15 Masculino
12/04/2025,11:00,SÃO PAULO F.C.,APAGEBASK / GUARULHOS,93 X 44,SUB 15 Masculino
12/04/2025,11:00,S.C. CORINTHIANS PTA.,SANTO ANDRE / APABA,49 X 70,SUB 15 Masculino
06/04/2025,13:00,CLUBE CAMPINEIRO DE REGATAS E NATAÇÃO,CLUBE PAINEIRAS DO MORUMBY,144 X 31,SUB 15 Masculino
05/04/2025,17:00,BAURU BASKET,SÃO BERNARDO BASQUETE,84 X 67,SUB 15 Masculino
05/04/2025,15:00,CAC / CRAVINHOS BASKETBALL,SAO JOSE BASKETBALL / ATLETA CIDADAO,38 X 83,SUB 15 Masculino
05/04/2025,15:00,AMAB / GIRAFINHAS / MAUA,JACAREI BASKETBALL,52 X 60,SUB 15 Masculino
05/04/2025,15:00,SANTO ANDRE / APABA,C.A. PAULISTANO,51 X 74,SUB 15 Masculino
05/04/2025,13:00,A.A. MOGI DAS CRUZES,INSTITUTO SUPERAÇÃO,67 X 47,SUB 15 Masculino
05/04/2025,12:00,APAGEBASK / GUARULHOS,INTERNACIONAL DE REGATAS,73 X 71,SUB 15 Masculino
05/04/2025,11:00,CLUBE ESPERIA,SESI-SP / FRANCA BASQUETE,56 X 58,SUB 15 Masculino
05/04/2025,11:00,CLUBE DE CAMPO DE RIO CLARO - CCRC,CIRCULO MILITAR S.P.,57 X 51,SUB 15 Masculino
05/04/2025,11:00,S.C. CORINTHIANS PTA.,S.E. PALMEIRAS,54 X 64,SUB 15 Masculino
05/04/2025,09:00,F.R. JANDIRA,A.D. CENTRO OLIMPICO,64 X 65,SUB 15 Masculino
30/03/2025,16:00,CLUBE PAINEIRAS DO MORUMBY,AMAB / GIRAFINHAS / MAUA,34 X 54,SUB 15 Masculino
30/03/2025,15:00,F.R. JANDIRA,CAC / CRAVINHOS BASKETBALL,61 X 78,SUB 15 Masculino
30/03/2025,15:00,C.A. PAULISTANO,SAO JOSE BASKETBALL / ATLETA CIDADAO,69 X 59,SUB 15 Masculino
29/03/2025,17:00,S.E. PALMEIRAS,SANTO ANDRE / APABA,95 X 60,SUB 15 Masculino
29/03/2025,15:00,SÃO BERNARDO BASQUETE,CAC / CRAVINHOS BASKETBALL,62 X 40,SUB 15 Masculino
29/03/2025,14:00,CLUBE PAINEIRAS DO MORUMBY,CLUBE DE CAMPO DE RIO CLARO - CCRC,24 X 85,SUB 15 Masculino
29/03/2025,13:00,SESI-SP / FRANCA BASQUETE,INSTITUTO SUPERAÇÃO,84 X 39,SUB 15 Masculino
29/03/2025,11:00,SÃO PAULO F.C.,JACAREI BASKETBALL,86 X 50,SUB 15 Masculino
29/03/2025,11:00,CLUBE ESPERIA,S.C. CORINTHIANS PTA.,62 X 53,SUB 15 Masculino
29/03/2025,11:00,SAO JOSE BASKETBALL / ATLETA CIDADAO,APAGEBASK / GUARULHOS,83 X 33,SUB 15 Masculino
29/03/2025,11:00,A.D. CENTRO OLIMPICO,C.A. PAULISTANO,44 X 106,SUB 15 Masculino
29/03/2025,09:00,E.C. PINHEIROS,CLUBE CAMPINEIRO DE REGATAS E NATAÇÃO,105 X 95,SUB 15 Masculino
23/03/2025,17:00,BAURU BASKET,CLUBE ESPERIA,92 X 50,SUB 15 Masculino
23/03/2025,16:00,CLUBE PAINEIRAS DO MORUMBY,A.A. MOGI DAS CRUZES,49 X 58,SUB 15 Masculino
23/03/2025,15:00,CAC / CRAVINHOS BASKETBALL,JACAREI BASKETBALL,63 X 55,SUB 15 Masculino
23/03/2025,13:00,INSTITUTO SUPERAÇÃO,C.A. PAULISTANO,32 X 79,SUB 15 Masculino
22/03/2025,15:00,SANTO ANDRE / APABA,SAO JOSE BASKETBALL / ATLETA CIDADAO,54 X 74,SUB 15 Masculino
22/03/2025,15:00,SÃO BERNARDO BASQUETE,E.C. PINHEIROS,47 X 85,SUB 15 Masculino
22/03/2025,13:00,SESI-SP / FRANCA BASQUETE,F.R. JANDIRA,97 X 24,SUB 15 Masculino
22/03/2025,13:00,CIRCULO MILITAR S.P.,A.D. CENTRO OLIMPICO,44 X 41,SUB 15 Masculino
22/03/2025,11:00,CLUBE DE CAMPO DE RIO CLARO - CCRC,APAGEBASK / GUARULHOS,85 X 41,SUB 15 Masculino
22/03/2025,11:00,CLUBE CAMPINEIRO DE REGATAS E NATAÇÃO,AMAB / GIRAFINHAS / MAUA,88 X 46,SUB 15 Masculino
22/03/2025,11:00,SÃO PAULO F.C.,S.E. PALMEIRAS,70 X 71,SUB 15 Masculino
22/03/2025,11:00,INTERNACIONAL DE REGATAS,S.C. CORINTHIANS PTA.,68 X 53,SUB 15 Masculino
16/03/2025,16:00,CLUBE PAINEIRAS DO MORUMBY,CLUBE ESPERIA,29 X 77,SUB 15 Masculino
16/03/2025,11:00,CIRCULO MILITAR S.P.,INTERNACIONAL DE REGATAS,49 X 71,SUB 15 Masculino
15/03/2025,17:00,S.E. PALMEIRAS,CLUBE CAMPINEIRO DE REGATAS E NATAÇÃO,62 X 52,SUB 15 Masculino
15/03/2025,15:00,AMAB / GIRAFINHAS / MAUA,S.C. CORINTHIANS PTA.,40 X 54,SUB 15 Masculino
15/03/2025,15:00,SANTO ANDRE / APABA,A.A. MOGI DAS CRUZES,87 X 43,SUB 15 Masculino
15/03/2025,14:30,APAGEBASK / GUARULHOS,BAURU BASKET,28 X 70,SUB 15 Masculino
15/03/2025,13:00,INTERNACIONAL DE REGATAS,SESI-SP / FRANCA BASQUETE,62 X 65,SUB 15 Masculino
15/03/2025,11:00,CLUBE ESPERIA,A.D. CENTRO OLIMPICO,77 X 34,SUB 15 Masculino
15/03/2025,11:00,E.C. PINHEIROS,JACAREI BASKETBALL,96 X 37,SUB 15 Masculino
15/03/2025,11:00,CLUBE DE CAMPO DE RIO CLARO - CCRC,INSTITUTO SUPERAÇÃO,77 X 33,SUB 15 Masculino
15/03/2025,11:00,SÃO PAULO F.C.,SÃO BERNARDO BASQUETE,54 X 55,SUB 15 Masculino
15/03/2025,09:00,F.R. JANDIRA,CIRCULO MILITAR S.P.,40 X 68,SUB 15 Masculino
09/03/2025,15:00,SÃO BERNARDO BASQUETE,SAO JOSE BASKETBALL / ATLETA CIDADAO,75 X 74,SUB 15 Masculino
09/03/2025,15:00,CLUBE CAMPINEIRO DE REGATAS E NATAÇÃO,SANTO ANDRE / APABA,88 X 58,SUB 15 Masculino
08/03/2025,16:00,A.D. CENTRO OLIMPICO,S.C. CORINTHIANS PTA.,45 X 65,SUB 15 Masculino
08/03/2025,11:00,E.C. PINHEIROS,CLUBE DE CAMPO DE RIO CLARO - CCRC,93 X 83,SUB 15 Masculino
08/03/2025,11:00,APAGEBASK / GUARULHOS,A.A. MOGI DAS CRUZES,45 X 41,SUB 15 Masculino
,,,,,SUB 16 Masculino
,,,,,SUB 16 Masculino
,,,,,SUB 16 Masculino
,,,,,SUB 16 Masculino
,,,,,SUB 16 Masculino
,,,,,SUB 16 Masculino
,,,,,SUB 16 Masculino
,,,,,SUB 16 Masculino
,,,,,SUB 16 Masculino
,,,,,SUB 16 Masculino
,,,,,SUB 16 Masculino
,,,,,SUB 16 Masculino
,,,,,SUB 16 Masculino
,,,,,SUB 16 Masculino
,,,,,SUB 16 Masculino
,,,,,SUB 16 Masculino
,,,,,SUB 16 Masculino
,,,,,SUB 16 Masculino
,,,,,SUB 16 Masculino
,,,,,SUB 16 Masculino
,,,,,SUB 16 Masculino
,,,,,SUB 16 Masculino
,,,,,SUB 16 Masculino
,,,,,SUB 16 Masculino
,,,,,SUB 16 Masculino
,,,,,SUB 16 Masculino
,,,,,SUB 16 Masculino
,,,,,SUB 16 Masculino
,,,,,SUB 16 Masculino
,,,,,SUB 16 Masculino
,,,,,SUB 16 Masculino
,,,,,SUB 16 Masculino
,,,,,SUB 16 Masculino
,,,,,SUB 16 Masculino
,,,,,SUB 16 Masculino
,,,,,SUB 16 Masculino
,,,,,SUB 16 Masculino
,,,,,SUB 16 Masculino
,,,,,SUB 16 Masculino
,,,,,SUB 16 Masculino
,,,,,SUB 16 Masculino
,,,,,SUB 16 Masculino
,,,,,SUB 16 Masculino
,,,,,SUB 16 Masculino
,,,,,SUB 16 Masculino
,,,,,SUB 16 Masculino
,,,,,SUB 16 Masculino
,,,,,SUB 16 Masculino
,,,,,SUB 16 Masculino
,,,,,SUB 16 Masculino
,,,,,SUB 16 Masculino
,,,,,SUB 16 Masculino
,,,,,SUB 16 Masculino
,,,,,SUB 16 Masculino
,,,,,SUB 16 Masculino
,,,,,SUB 16 Masculino
,,,,,SUB 16 Masculino
,,,,,SUB 16 Masculino
,,,,,SUB 16 Masculino
,,,,,SUB 16 Masculino
,,,,,SUB 16 Masculino
,,,,,SUB 16 Masculino
,,,,,SUB 16 Masculino
,,,,,SUB 16 Masculino
,,,,,SUB 16 Masculino
,,,,,SUB 16 Masculino
,,,,,SUB 16 Masculino
,,,,,SUB 16 Masculino
,,,,,SUB 16 Masculino
,,,,,SUB 16 Masculino
,,,,,SUB 16 Masculino
,,,,,SUB 16 Masculino
,,,,,SUB 16 Masculino
,,,,,SUB 16 Masculino
,,,,,SUB 16 Masculino
11/05/2025,15:00,F.R. MIRASSOL,CLUBE DE CAMPO DE RIO CLARO - CCRC,93 X 63,SUB 16 Masculino
11/05/2025,13:00,INTERNACIONAL DE REGATAS,SÃO PAULO F.C.,54 X 65,SUB 16 Masculino
10/05/2025,13:00,SESI-SP / FRANCA BASQUETE,C.A. PAULISTANO,81 X 82,SUB 16 Masculino
10/05/2025,13:00,APAGEBASK / GUARULHOS,S.E. PALMEIRAS,53 X 91,SUB 16 Masculino
09/05/2025,18:00,HIPICA CAMPINAS,SANTO ANDRE / APABA,58 X 48,SUB 16 Masculino
07/05/2025,18:00,A.A. MOGI DAS CRUZES,C.A. PAULISTANO,54 X 72,SUB 16 Masculino
07/05/2025,17:00,SÃO JOSÉ BASKETBALL / ATLETA CIDADÃO,S.C. CORINTHIANS PTA.,65 X 71,SUB 16 Masculino
04/05/2025,17:00,CAC / CRAVINHOS BASKETBALL,E.C. PINHEIROS,69 X 73,SUB 16 Masculino
02/05/2025,18:00,A.A. MOGI DAS CRUZES,HIPICA CAMPINAS,55 X 53,SUB 16 Masculino
02/05/2025,16:00,SESI-SP / FRANCA BASQUETE,CAC / CRAVINHOS BASKETBALL,108 X 61,SUB 16 Masculino
01/05/2025,14:00,CLUBE DE CAMPO DE RIO CLARO - CCRC,SESI-SP / FRANCA BASQUETE,47 X 86,SUB 16 Masculino
01/05/2025,09:00,APAGEBASK / GUARULHOS,CLUBE ESPERIA,61 X 65,SUB 16 Masculino
30/04/2025,17:00,SÃO JOSÉ BASKETBALL / ATLETA CIDADÃO,C.A. MONTE LIBANO,76 X 21,SUB 16 Masculino
30/04/2025,15:00,C.A. PAULISTANO,SOROCABA BASQUETE,88 X 52,SUB 16 Masculino
28/04/2025,20:00,SANTO ANDRE / APABA,A.A. MOGI DAS CRUZES,51 X 75,SUB 16 Masculino
27/04/2025,13:00,INTERNACIONAL DE REGATAS,SOROCABA BASQUETE,88 X 40,SUB 16 Masculino
26/04/2025,15:00,SESI-SP / FRANCA BASQUETE,F.R. TUPÃ,97 X 39,SUB 16 Masculino
26/04/2025,15:00,F.R. MIRASSOL,C.A. MONTE LIBANO,68 X 58,SUB 16 Masculino
26/04/2025,13:00,INTERNACIONAL DE REGATAS,S.E. PALMEIRAS,37 X 53,SUB 16 Masculino
26/04/2025,13:00,SANTO ANDRE / APABA,APAGEBASK / GUARULHOS,73 X 60,SUB 16 Masculino
26/04/2025,11:00,HIPICA CAMPINAS,CAC / CRAVINHOS BASKETBALL,70 X 68,SUB 16 Masculino
25/04/2025,19:00,A.D. CENTRO OLIMPICO,C.A. PAULISTANO,61 X 86,SUB 16 Masculino
25/04/2025,18:30,SÃO PAULO F.C.,CLUBE DE CAMPO DE RIO CLARO - CCRC,69 X 56,SUB 16 Masculino
23/04/2025,18:00,E.C. PINHEIROS,SÃO JOSÉ BASKETBALL / ATLETA CIDADÃO,69 X 72,SUB 16 Masculino
23/04/2025,18:00,A.A. MOGI DAS CRUZES,CLUBE ESPERIA,61 X 69,SUB 16 Masculino
23/04/2025,17:00,S.C. CORINTHIANS PTA.,C.A. PAULISTANO,64 X 79,SUB 16 Masculino
20/04/2025,17:00,F.R. TUPÃ,E.C. PINHEIROS,55 X 76,SUB 16 Masculino
19/04/2025,17:00,CAC / CRAVINHOS BASKETBALL,F.R. MIRASSOL,42 X 66,SUB 16 Masculino
19/04/2025,11:00,SESI-SP / FRANCA BASQUETE,A.D. CENTRO OLIMPICO,90 X 70,SUB 16 Masculino
18/04/2025,19:00,CLUBE ESPERIA,INTERNACIONAL DE REGATAS,49 X 42,SUB 16 Masculino
18/04/2025,15:00,CAC / CRAVINHOS BASKETBALL,A.D. CENTRO OLIMPICO,78 X 83,SUB 16 Masculino
17/04/2025,17:00,C.A. PAULISTANO,APAGEBASK / GUARULHOS,68 X 44,SUB 16 Masculino
16/04/2025,17:00,SANTO ANDRE / APABA,E.C. PINHEIROS,66 X 85,SUB 16 Masculino
16/04/2025,16:00,SOROCABA BASQUETE,SÃO PAULO F.C.,41 X 90,SUB 16 Masculino
14/04/2025,18:30,HIPICA CAMPINAS,C.A. PAULISTANO,61 X 71,SUB 16 Masculino
13/04/2025,15:00,F.R. MIRASSOL,CLUBE ESPERIA,59 X 56,SUB 16 Masculino
12/04/2025,17:00,SÃO JOSÉ BASKETBALL / ATLETA CIDADÃO,F.R. TUPÃ,77 X 28,SUB 16 Masculino
12/04/2025,13:00,SÃO PAULO F.C.,APAGEBASK / GUARULHOS,91 X 54,SUB 16 Masculino
11/04/2025,19:00,A.D. CENTRO OLIMPICO,S.C. CORINTHIANS PTA.,62 X 85,SUB 16 Masculino
11/04/2025,18:00,C.A. MONTE LIBANO,CLUBE DE CAMPO DE RIO CLARO - CCRC,62 X 68,SUB 16 Masculino
10/04/2025,17:00,S.E. PALMEIRAS,SÃO JOSÉ BASKETBALL / ATLETA CIDADÃO,76 X 73,SUB 16 Masculino
09/04/2025,19:00,CLUBE DE CAMPO DE RIO CLARO - CCRC,HIPICA CAMPINAS,70 X 41,SUB 16 Masculino
06/04/2025,11:00,A.A. MOGI DAS CRUZES,C.A. MONTE LIBANO,93 X 42,SUB 16 Masculino
06/04/2025,09:00,S.E. PALMEIRAS,SANTO ANDRE / APABA,76 X 45,SUB 16 Masculino
05/04/2025,17:00,CAC / CRAVINHOS BASKETBALL,SÃO JOSÉ BASKETBALL / ATLETA CIDADÃO,53 X 63,SUB 16 Masculino
05/04/2025,15:00,F.R. TUPÃ,HIPICA CAMPINAS,59 X 62,SUB 16 Masculino
05/04/2025,15:00,A.D. CENTRO OLIMPICO,F.R. MIRASSOL,61 X 72,SUB 16 Masculino
05/04/2025,14:00,APAGEBASK / GUARULHOS,INTERNACIONAL DE REGATAS,54 X 48,SUB 16 Masculino
05/04/2025,13:00,CLUBE ESPERIA,SESI-SP / FRANCA BASQUETE,57 X 77,SUB 16 Masculino
02/04/2025,17:00,S.C. CORINTHIANS PTA.,CLUBE ESPERIA,77 X 76,SUB 16 Masculino
01/04/2025,15:00,S.E. PALMEIRAS,E.C. PINHEIROS,77 X 91,SUB 16 Masculino
30/03/2025,15:00,E.C. PINHEIROS,F.R. MIRASSOL,72 X 52,SUB 16 Masculino
30/03/2025,15:00,F.R. TUPÃ,SANTO ANDRE / APABA,37 X 61,SUB 16 Masculino
30/03/2025,13:00,SOROCABA BASQUETE,SESI-SP / FRANCA BASQUETE,42 X 106,SUB 16 Masculino
29/03/2025,13:00,SÃO JOSÉ BASKETBALL / ATLETA CIDADÃO,APAGEBASK / GUARULHOS,88 X 41,SUB 16 Masculino
28/03/2025,19:00,CLUBE ESPERIA,A.D. CENTRO OLIMPICO,76 X 88,SUB 16 Masculino
28/03/2025,18:00,HIPICA CAMPINAS,S.C. CORINTHIANS PTA.,53 X 86,SUB 16 Masculino
28/03/2025,17:00,C.A. PAULISTANO,INTERNACIONAL DE REGATAS,90 X 41,SUB 16 Masculino
27/03/2025,15:00,SÃO PAULO F.C.,A.A. MOGI DAS CRUZES,62 X 51,SUB 16 Masculino
26/03/2025,15:00,S.E. PALMEIRAS,CLUBE ESPERIA,84 X 59,SUB 16 Masculino
23/03/2025,15:00,F.R. MIRASSOL,A.A. MOGI DAS CRUZES,76 X 71,SUB 16 Masculino
23/03/2025,13:00,INTERNACIONAL DE REGATAS,S.C. CORINTHIANS PTA.,65 X 67,SUB 16 Masculino
22/03/2025,14:00,CLUBE DE CAMPO DE RIO CLARO - CCRC,APAGEBASK / GUARULHOS,85 X 78,SUB 16 Masculino
22/03/2025,11:00,SESI-SP / FRANCA BASQUETE,HIPICA CAMPINAS,98 X 46,SUB 16 Masculino
21/03/2025,20:00,C.A. MONTE LIBANO,C.A. PAULISTANO,34 X 109,SUB 16 Masculino
21/03/2025,19:00,A.D. CENTRO OLIMPICO,SANTO ANDRE / APABA,90 X 57,SUB 16 Masculino
19/03/2025,18:00,E.C. PINHEIROS,SOROCABA BASQUETE,94 X 50,SUB 16 Masculino
19/03/2025,17:00,SÃO JOSÉ BASKETBALL / ATLETA CIDADÃO,SÃO PAULO F.C.,65 X 69,SUB 16 Masculino
16/03/2025,15:00,A.A. MOGI DAS CRUZES,F.R. TUPÃ,76 X 41,SUB 16 Masculino
16/03/2025,13:00,S.E. PALMEIRAS,A.D. CENTRO OLIMPICO,83 X 58,SUB 16 Masculino
16/03/2025,13:00,SÃO PAULO F.C.,SANTO ANDRE / APABA,103 X 56,SUB 16 Masculino
15/03/2025,15:00,INTERNACIONAL DE REGATAS,SESI-SP / FRANCA BASQUETE,51 X 63,SUB 16 Masculino
15/03/2025,15:00,F.R. MIRASSOL,SÃO JOSÉ BASKETBALL / ATLETA CIDADÃO,56 X 67,SUB 16 Masculino
15/03/2025,15:00,CLUBE DE CAMPO DE RIO CLARO - CCRC,SOROCABA BASQUETE,96 X 49,SUB 16 Masculino
14/03/2025,19:00,CLUBE ESPERIA,C.A. MONTE LIBANO,60 X 55,SUB 16 Masculino
